id,u,v,width,height,is_line
14907,0.2154217,0.8110973,0.01234924,0.0152536,test
,,,,,
14907,0.2130368,0.8226642,0.02703877,0.03339788,test
14907,0.2130551,0.8228819,0.02658161,0.0328332,test
14907,0.2129397,0.823047,0.02562407,0.03165047,test
14907,0.2130144,0.8230942,0.02405497,0.02971235,test
14907,0.2159656,0.8256224,0.0358912,0.04433227,test
14907,0.2159378,0.8255663,0.03599026,0.04445464,test
14907,0.215838,0.8256575,0.03521178,0.04349307,test
14907,0.2156801,0.8254349,0.03406815,0.04208048,test
14907,0.2229726,0.8286473,0.04613904,0.05699026,test
14907,0.2235409,0.8289407,0.0450385,0.05563088,test
14907,0.2254698,0.8297319,0.04124091,0.05094016,test
14907,0.227947,0.8308989,0.0356622,0.04404943,test
14907,0.2411656,0.8341768,0.05096321,0.062949,test
14907,0.2421331,0.8343657,0.04932091,0.06092046,test
14907,0.2438362,0.8348608,0.04670548,0.05768992,test
14907,0.2457975,0.8353052,0.04319195,0.05335006,test
14907,0.2611498,0.8393897,0.0585393,0.07230687,test
14907,0.262351,0.8397482,0.05711285,0.07054494,test
14907,0.2654071,0.8404768,0.05294435,0.06539608,test
14907,0.2693363,0.8414413,0.04773642,0.05896332,test
14907,0.2877975,0.8456009,0.06354854,0.07849421,test
14907,0.2892462,0.8459268,0.06184724,0.07639279,test
14907,0.2925448,0.8467531,0.05729517,0.07077015,test
14907,0.2972156,0.8478648,0.05158079,0.06371183,test
14907,0.3165982,0.8511816,0.06661823,0.08228586,test
14907,0.3181895,0.8514364,0.06478394,0.08002016,test
14907,0.3221703,0.8521608,0.05953201,0.07353306,test
14907,0.3285417,0.8532941,0.052433,0.06476447,test
14907,0.3463738,0.8560588,0.06526085,0.08060924,test
14907,0.3479185,0.8563685,0.06350655,0.07844235,test
14907,0.3516411,0.857003,0.05794101,0.07156788,test
14907,0.358119,0.8579549,0.04977067,0.06147599,test
14907,0.3718467,0.8594257,0.05787241,0.07148314,test
14907,0.373328,0.8596226,0.05582849,0.06895853,test
14907,0.3769991,0.8600909,0.05070218,0.06262658,test
14907,0.3827238,0.8606464,0.04268815,0.05272777,test
14907,0.392456,0.8581207,0.04827801,0.05963228,test
14907,0.3939461,0.8577786,0.04583834,0.05661884,test
14907,0.3966186,0.8568437,0.04047732,0.04999698,test
14907,0.4000995,0.8551809,0.03286593,0.04059551,test
14907,0.4022,0.8540154,0.02562331,0.03164953,test
14907,0.4026118,0.8535916,0.01436067,0.01773809,test
,,,,,
14908,0.2252466,0.7183284,0.02507478,0.03097199,test
14908,0.2252684,0.7182721,0.02479836,0.03063057,test
14908,0.2254657,0.7181891,0.02209607,0.02729274,test
14908,0.2254304,0.7181824,0.01748047,0.02159162,test
14908,0.2257221,0.7257628,0.0300607,0.03713054,test
14908,0.2256332,0.7269021,0.02794234,0.03451396,test
14908,0.2258754,0.7293514,0.01844385,0.02278157,test
,,,,,
14908,0.2400474,0.746661,0.04179872,0.05162915,test
14908,0.2406702,0.7472655,0.04066126,0.05022418,test
14908,0.2413056,0.7477759,0.03916664,0.04837805,test
14908,0.2418842,0.7482142,0.03710774,0.04583492,test
14908,0.2599254,0.7623694,0.06123218,0.07563309,test
14908,0.2613022,0.7634216,0.05933864,0.07329421,test
14908,0.2644236,0.7658771,0.05381922,0.0664767,test
14908,0.267892,0.7684974,0.04806636,0.05937085,test
14908,0.2838913,0.7781824,0.06400629,0.07905962,test
14908,0.2853103,0.7790685,0.0615643,0.07604331,test
14908,0.2894748,0.7816368,0.05565085,0.06873911,test
14908,0.2956928,0.7852355,0.04672163,0.05770986,test
14908,0.3105854,0.7906138,0.05898246,0.07285426,test
14908,0.3119034,0.7910873,0.05735099,0.07083909,test
14908,0.3149165,0.7923098,0.05268679,0.06507795,test
14908,0.318493,0.793613,0.04741111,0.0585615,test
14908,0.3311318,0.7954187,0.0572741,0.07074412,test
14908,0.3326346,0.7956742,0.05519671,0.06817816,test
14908,0.3362415,0.7961175,0.05021767,0.06202812,test
14908,0.341237,0.7966037,0.04302608,0.05314518,test
14908,0.3522418,0.7940422,0.05122442,0.06327164,test
14908,0.3534116,0.7936539,0.04961756,0.06128688,test
14908,0.3555164,0.793114,0.0457768,0.05654283,test
14908,0.3582979,0.7923822,0.04054054,0.05007507,test
14908,0.3666586,0.7858276,0.04955862,0.06121407,test
14908,0.3674998,0.7851841,0.04834297,0.05971252,test
14908,0.3687466,0.7840654,0.04519824,0.0558282,test
14908,0.3700479,0.7825684,0.04229722,0.0522449,test
14908,0.3760872,0.7734811,0.05281817,0.06524023,test
14908,0.3767537,0.772516,0.05138184,0.06346609,test
14908,0.3779442,0.7706504,0.04771064,0.05893147,test
14908,0.3794287,0.7683177,0.04351626,0.05375064,test
14908,0.384136,0.7550655,0.05475779,0.06763601,test
14908,0.3847815,0.7535824,0.05295635,0.0654109,test
14908,0.3857079,0.7508029,0.04908791,0.06063266,test
14908,0.3867616,0.7473537,0.04444593,0.05489896,test
14908,0.3905537,0.730738,0.05813714,0.07181013,test
14908,0.3908985,0.7292697,0.05651792,0.06981011,test
14908,0.3915586,0.7263281,0.05282921,0.06525386,test
14908,0.3924143,0.7225766,0.04822963,0.05957252,test
14908,0.3952467,0.7051296,0.06075114,0.0750389,test
14908,0.3955313,0.7035364,0.05928158,0.07322373,test
14908,0.3961849,0.6999952,0.05515517,0.06812685,test
14908,0.3968949,0.6951479,0.04933265,0.06093496,test
14908,0.398746,0.6795802,0.05908265,0.07297802,test
14908,0.3989512,0.6778597,0.05726853,0.07073724,test
14908,0.3993427,0.6743698,0.05275042,0.06515653,test
14908,0.3996606,0.6694768,0.04677823,0.05777977,test
14908,0.4015732,0.6545579,0.05653792,0.06983479,test
14908,0.4017742,0.6530558,0.05506728,0.0680183,test
14908,0.4021541,0.6500539,0.0507008,0.06262487,test
14908,0.402731,0.6460627,0.04536999,0.05604034,test
14908,0.4029784,0.6330676,0.05441729,0.06721543,test
14908,0.4031198,0.6316192,0.05297212,0.06543037,test
14908,0.4031678,0.6286387,0.0488634,0.06035534,test
14908,0.403093,0.6243131,0.04188069,0.05173041,test
14908,0.4016795,0.6127822,0.04954721,0.06119998,test
14908,0.4015818,0.6115776,0.04826472,0.05961586,test
14908,0.4013502,0.6093279,0.04434618,0.05477574,test
14908,0.4008592,0.6062374,0.03898034,0.04814794,test
14908,0.3974129,0.5958002,0.04799142,0.05927829,test
14908,0.3970195,0.5945564,0.04635938,0.05726241,test
14908,0.3964162,0.5929595,0.04361138,0.05386814,test
14908,0.3957713,0.5911943,0.03988979,0.04927128,test
14908,0.3916368,0.5827631,0.04822463,0.05956635,test
14908,0.3910203,0.5816237,0.0465023,0.05743895,test
14908,0.3901569,0.5798698,0.04299776,0.05311019,test
14908,0.3889523,0.5777579,0.03804985,0.0469986,test
14908,0.3840537,0.5721727,0.04482887,0.05537196,test
14908,0.3834107,0.5712203,0.04309038,0.0532246,test
14908,0.382292,0.5700151,0.038951,0.04811169,test
14908,0.3809822,0.5686618,0.03185457,0.0393463,test
14908,0.3744504,0.5656214,0.04151745,0.05128174,test
14908,0.373663,0.565266,0.03980997,0.04917268,test
14908,0.3727543,0.5648473,0.03573842,0.04414357,test
14908,0.3716181,0.5643909,0.02968315,0.03666418,test
14908,0.3626494,0.5633944,0.04521945,0.05585439,test
14908,0.3618165,0.5633074,0.04349687,0.05372669,test
14908,0.3606357,0.5631635,0.04073182,0.05031133,test
14908,0.3594381,0.5630439,0.0376032,0.04644691,test
14908,0.3505175,0.5621181,0.04982671,0.06154522,test
14908,0.3495786,0.5620249,0.04860266,0.06003328,test
14908,0.3477332,0.5617114,0.04503914,0.05563168,test
14908,0.3454118,0.5613194,0.04025508,0.04972248,test
14908,0.3378059,0.5608415,0.0468109,0.05782013,test
14908,0.3364098,0.5607318,0.04477202,0.05530173,test
14908,0.3343008,0.5607085,0.03976982,0.04912309,test
14908,0.3318561,0.5606052,0.03297644,0.04073201,test
14908,0.3257048,0.5619093,0.03826735,0.04726727,test
14908,0.3244922,0.5621111,0.03545173,0.04378945,test
14908,0.3226323,0.5628283,0.02972956,0.03672152,test
14908,0.3207422,0.5639643,0.02083987,0.0257411,test
14908,0.3185979,0.5652285,0.0172824,0.02134696,test
,,,,,
14909,0.5552819,0.8149832,0.02422699,0.02992482,test
14909,0.5552894,0.8150424,0.02393828,0.02956821,test
14909,0.5551717,0.8150637,0.02111505,0.026081,test
14909,0.555089,0.8152869,0.01603827,0.01981023,test
14909,0.5542399,0.8175543,0.02544002,0.03142313,test
14909,0.5540307,0.8176985,0.02431796,0.03003719,test
14909,0.5534887,0.8187583,0.01462514,0.01806475,test
,,,,,
14909,0.5569397,0.8006505,0.0355295,0.04388552,test
14909,0.5573292,0.7988688,0.03338946,0.04124217,test
14909,0.5577986,0.7977021,0.03092324,0.03819593,test
14909,0.5580752,0.7972227,0.02933134,0.03622963,test
14909,0.5610858,0.7769486,0.05423938,0.06699569,test
14909,0.5612602,0.7759878,0.05355953,0.06615594,test
14909,0.5616048,0.7741653,0.05109523,0.06311207,test
14909,0.5617861,0.7723417,0.04864083,0.06008043,test
14909,0.5607932,0.751515,0.06406434,0.07913133,test
14909,0.5608045,0.749876,0.06265661,0.07739251,test
14909,0.5606369,0.7448274,0.05726816,0.07073678,test
14909,0.5602053,0.7369173,0.04981906,0.06153576,test
14909,0.5556399,0.7133828,0.06534494,0.0807131,test
14909,0.555324,0.7117261,0.06401327,0.07906825,test
14909,0.5545496,0.7077849,0.05965264,0.07368206,test
14909,0.553514,0.7025104,0.05407177,0.06678865,test
14909,0.5486487,0.6808517,0.0688614,0.08505657,test
14909,0.5482709,0.6790534,0.06729575,0.08312272,test
14909,0.5473305,0.6747039,0.0622429,0.07688151,test
14909,0.5458068,0.6681303,0.0556149,0.0686947,test
14909,0.541634,0.6430661,0.07139441,0.08818532,test
14909,0.541282,0.6409707,0.06945286,0.08578715,test
14909,0.5404944,0.6363342,0.06437548,0.07951564,test
14909,0.5391671,0.628186,0.05657048,0.06987502,test
14909,0.5363984,0.6070683,0.06802119,0.08401876,test
14909,0.536155,0.6052626,0.06641445,0.08203415,test
14909,0.5355416,0.6005429,0.06086716,0.07518221,test
14909,0.5341375,0.5910804,0.05186583,0.06406391,test
14909,0.5319838,0.5719937,0.06200937,0.07659306,test
14909,0.5318295,0.5701536,0.06013814,0.07428174,test
14909,0.5313622,0.5659744,0.05502251,0.06796299,test
14909,0.5306277,0.5592752,0.04795602,0.05923457,test
14909,0.5281101,0.5376454,0.06186609,0.07641608,test
14909,0.5279091,0.5358653,0.06024465,0.0744133,test
14909,0.5274988,0.5321408,0.05598323,0.06914966,test
14909,0.5269725,0.5271271,0.05054603,0.06243371,test
14909,0.5233049,0.5043836,0.06569554,0.08114616,test
14909,0.5230224,0.502612,0.06407634,0.07914615,test
14909,0.52235,0.4982961,0.05886833,0.07271329,test
14909,0.5210363,0.4913082,0.05179692,0.06397879,test
14909,0.5184867,0.477329,0.05824686,0.07194566,test
14909,0.5181741,0.4755878,0.05653439,0.06983043,test
14909,0.5172954,0.47116,0.05056573,0.06245804,test
14909,0.5158727,0.4630735,0.04048358,0.05000472,test
14909,0.5145924,0.4562516,0.03856009,0.04762885,test
14909,0.5144129,0.4548285,0.03580867,0.04423034,test
14909,0.5141428,0.4528886,0.0263382,0.03253255,test
,,,,,
14910,0.6376838,0.7927158,0.03369882,0.04162428,test
14910,0.6376928,0.7927164,0.03362517,0.04153331,test
14910,0.6377926,0.7927262,0.03276845,0.0404751,test
14910,0.6378825,0.7928255,0.0312187,0.03856088,test
14910,0.6358978,0.7981257,0.04121549,0.05090876,test
14910,0.6356379,0.7987596,0.04027143,0.04974267,test
14910,0.6351572,0.7999235,0.03805888,0.04700976,test
14910,0.634829,0.8009853,0.03612697,0.04462349,test
14910,0.6320343,0.7962138,0.04336311,0.05356148,test
14910,0.6320934,0.7960646,0.04336632,0.05356544,test
14910,0.6319305,0.7957183,0.04161556,0.05140292,test
14910,0.6313993,0.7946647,0.03715968,0.04589909,test
14910,0.624396,0.7771239,0.05191861,0.06412909,test
14910,0.6232697,0.7743493,0.04884551,0.06033324,test
14910,0.6222847,0.7718152,0.04530512,0.05596022,test
14910,0.6214913,0.7698281,0.04214266,0.05205399,test
14910,0.6123613,0.7520709,0.06127396,0.07568468,test
14910,0.611755,0.7507994,0.06018081,0.07433445,test
14910,0.6101748,0.747789,0.05576322,0.0688779,test
14910,0.6082423,0.7442597,0.05081744,0.06276895,test
14910,0.5976908,0.7274041,0.06730209,0.08313055,test
14910,0.5967687,0.7259218,0.06561542,0.0810472,test
14910,0.5943197,0.7220924,0.05906581,0.07295722,test
14910,0.590528,0.716155,0.05028146,0.06210691,test
14910,0.5805854,0.6994938,0.06515173,0.08047445,test
14910,0.5797748,0.6980231,0.06315605,0.07800941,test
14910,0.5775877,0.6943906,0.05747175,0.07098825,test
14910,0.5742087,0.6887885,0.04933577,0.0609388,test
14910,0.5619715,0.670006,0.06787019,0.08383226,test
14910,0.561067,0.6685781,0.06612512,0.08167677,test
14910,0.5589342,0.6652212,0.06043561,0.07464917,test
14910,0.5556498,0.6602352,0.05314883,0.06564865,test
14910,0.5444649,0.6444294,0.06827877,0.08433692,test
14910,0.5435581,0.6431835,0.0665258,0.08217168,test
14910,0.5410614,0.6396342,0.06038303,0.07458422,test
14910,0.5366768,0.6335691,0.05109834,0.06311592,test
14910,0.5255776,0.6155214,0.06742075,0.08327711,test
14910,0.5247266,0.6140992,0.06564412,0.08108264,test
14910,0.5226603,0.6106386,0.05945369,0.07343632,test
14910,0.5194036,0.6052464,0.05208506,0.06433469,test
14910,0.5080773,0.5864496,0.06956447,0.085925,test
14910,0.5072375,0.5850258,0.06734606,0.08318485,test
14910,0.5049919,0.5812508,0.06208955,0.0766921,test
14910,0.5013218,0.5751181,0.05304662,0.0655224,test
14910,0.4920894,0.5606176,0.06498001,0.08026235,test
14910,0.4911422,0.5591937,0.06300393,0.07782152,test
14910,0.488829,0.5555707,0.05711297,0.07054509,test
14910,0.4851539,0.549677,0.04853604,0.059951,test
14910,0.4804809,0.5374835,0.05547981,0.06852783,test
14910,0.4798989,0.5360369,0.05377613,0.06642348,test
14910,0.4788562,0.5327559,0.04919985,0.06077092,test
14910,0.4774041,0.5279471,0.04251515,0.05251408,test
14910,0.4758413,0.5167478,0.04950349,0.06114597,test
14910,0.4756614,0.5152371,0.04775302,0.05898382,test
14910,0.4753562,0.5127852,0.0431594,0.05330985,test
14910,0.4751228,0.509456,0.03674203,0.04538321,test
14910,0.4758704,0.4994814,0.04506742,0.0556666,test
14910,0.4759532,0.4982943,0.04351246,0.05374594,test
14910,0.476139,0.4962964,0.03964734,0.0489718,test
14910,0.4765151,0.4938412,0.03450778,0.0426235,test
14910,0.4824087,0.4875483,0.04505364,0.05564958,test
14910,0.4829984,0.4867325,0.04362758,0.05388814,test
14910,0.4841596,0.4858462,0.04042878,0.04993703,test
14910,0.4853132,0.4848329,0.03595004,0.04440495,test
14910,0.4938419,0.4816823,0.04794494,0.05922088,test
14910,0.4947783,0.4814085,0.04664141,0.05761078,test
14910,0.4959743,0.48095,0.04414206,0.05452361,test
14910,0.4974571,0.4805101,0.04094212,0.0505711,test
14910,0.5093426,0.4799702,0.05428754,0.06705517,test
14910,0.5104125,0.4799635,0.05327488,0.06580434,test
14910,0.5116387,0.4799476,0.05094594,0.06292768,test
14910,0.512883,0.4799945,0.04796313,0.05924335,test
14910,0.5249736,0.4796067,0.05981415,0.07388155,test
14910,0.5263482,0.4794058,0.05794577,0.07157376,test
14910,0.5293276,0.4794011,0.05376072,0.06640444,test
14910,0.5333808,0.4794702,0.04748892,0.05865761,test
14910,0.5461566,0.4796686,0.0577302,0.07130749,test
14910,0.5474585,0.4796923,0.05557772,0.06864878,test
14910,0.5499969,0.479703,0.05155134,0.06367544,test
14910,0.553798,0.4796967,0.04555535,0.0562693,test
14910,0.5660975,0.4781036,0.05524391,0.06823646,test
14910,0.5672557,0.477851,0.05374077,0.06637981,test
14910,0.5697971,0.4775412,0.05022206,0.06203355,test
14910,0.5732029,0.4770774,0.04465012,0.05515116,test
14910,0.5856223,0.4746988,0.05530012,0.0683059,test
14910,0.586874,0.4744868,0.0536269,0.06623915,test
14910,0.5893754,0.4737894,0.04974333,0.06144223,test
14910,0.5924755,0.4730184,0.04467533,0.0551823,test
14910,0.6056074,0.4709786,0.05654817,0.06984746,test
14910,0.6068003,0.470809,0.05521846,0.06820503,test
14910,0.6093938,0.4703924,0.05113728,0.06316401,test
14910,0.6127888,0.4699118,0.0459798,0.05679357,test
14910,0.6263793,0.4677281,0.05784048,0.07144371,test
14910,0.6276538,0.4675216,0.0562359,0.06946176,test
14910,0.6305568,0.4670425,0.05234099,0.06465082,test
14910,0.6341242,0.4665221,0.04723936,0.05834936,test
14910,0.6460462,0.4652977,0.05653641,0.06983294,test
14910,0.6472932,0.4651663,0.05505652,0.068005,test
14910,0.6503611,0.464734,0.05053811,0.06242393,test
14910,0.654684,0.464201,0.04452735,0.05499952,test
14910,0.6655755,0.4629928,0.0529472,0.0653996,test
14910,0.6664899,0.4628941,0.05181939,0.06400654,test
14910,0.668759,0.4628112,0.04775355,0.05898448,test
14910,0.6717008,0.4625465,0.04148034,0.0512359,test
14910,0.6809623,0.4606872,0.04984335,0.06156577,test
14910,0.6820971,0.4604169,0.04827201,0.05962488,test
14910,0.6839285,0.4599982,0.0447965,0.05533197,test
14910,0.6861196,0.4595566,0.04011859,0.04955389,test
14910,0.6956434,0.4564302,0.05045805,0.06232503,test
14910,0.6966767,0.4561655,0.04894361,0.06045442,test
14910,0.6984134,0.4556231,0.04523344,0.05587168,test
14910,0.7008284,0.4547974,0.0405583,0.05009701,test
14910,0.7093409,0.4499122,0.04917058,0.06073477,test
14910,0.7102956,0.4493895,0.04754225,0.05872348,test
14910,0.7120874,0.4482865,0.04327167,0.05344852,test
14910,0.7144189,0.4466345,0.03793104,0.04685187,test
14910,0.7192332,0.4437155,0.03980001,0.04916039,test
14910,0.720335,0.4430847,0.03724107,0.04599962,test
14910,0.7219146,0.4418915,0.02986419,0.03688781,test
14910,0.7245516,0.4401594,0.008549508,0.01056023,test
,,,,,
14911,0.6959732,0.6983159,0.02921315,0.03608365,test
14911,0.6959841,0.6983443,0.02905957,0.03589395,test
14911,0.696047,0.6984122,0.02806932,0.03467081,test
14911,0.6960976,0.6983687,0.02670098,0.03298066,test
14911,0.6964004,0.7102182,0.04565433,0.05639156,test
14911,0.6963356,0.7108835,0.0448361,0.05538089,test
14911,0.6963034,0.7120941,0.04266644,0.05270096,test
14911,0.6962147,0.7131914,0.04040141,0.04990323,test
14911,0.7011936,0.7180837,0.04744336,0.05860134,test
14911,0.7017103,0.7187193,0.04660028,0.05755998,test
14911,0.7032919,0.7203126,0.04215973,0.05207508,test
14911,0.7058071,0.7226834,0.03546606,0.04380715,test
14911,0.7191323,0.7299395,0.05099969,0.06299406,test
14911,0.7201704,0.730508,0.04970428,0.06139399,test
14911,0.7218536,0.7314344,0.04648123,0.05741292,test
14911,0.7234792,0.7323258,0.0431843,0.05334061,test
14911,0.7359473,0.7385146,0.05752993,0.07106011,test
14911,0.7370701,0.7391054,0.05585927,0.06899654,test
14911,0.7392277,0.7401722,0.05264836,0.06503048,test
14911,0.7416943,0.7414095,0.04848783,0.05989145,test
14911,0.7576152,0.748494,0.06422728,0.07933258,test
14911,0.7591591,0.7491927,0.06191853,0.07648085,test
14911,0.7623351,0.7505248,0.05768687,0.07125397,test
14911,0.7664878,0.7523954,0.05205505,0.06429762,test
14911,0.7835882,0.7594743,0.06724957,0.08306567,test
14911,0.784874,0.7599688,0.06551572,0.08092405,test
14911,0.7881201,0.7613396,0.06060609,0.07485975,test
14911,0.7931808,0.7635536,0.05361683,0.06622672,test
14911,0.8108584,0.769172,0.06773832,0.08366936,test
14911,0.8123257,0.7696001,0.06581233,0.08129042,test
14911,0.8158322,0.770631,0.06092407,0.07525251,test
14911,0.821726,0.7724109,0.05374842,0.06638926,test
14911,0.8364663,0.7763833,0.0641577,0.07924664,test
14911,0.8378438,0.7766675,0.06223804,0.07687551,test
14911,0.8412843,0.7775263,0.05695381,0.0703485,test
14911,0.8472602,0.7789408,0.04897258,0.06049021,test
14911,0.8600882,0.7820143,0.05685961,0.07023215,test
14911,0.8614186,0.7822313,0.05502281,0.06796335,test
14911,0.86411,0.7828026,0.05016053,0.06195754,test
14911,0.8684845,0.7838575,0.04312277,0.05326461,test
14911,0.8764956,0.784861,0.04646758,0.05739607,test
14911,0.8777662,0.7851139,0.04458076,0.0550655,test
14911,0.8801381,0.7851735,0.03833483,0.04735062,test
14911,0.883866,0.7850903,0.02766185,0.03416751,test
14911,0.8874676,0.78501,0.0212804,0.02628524,test
14911,0.8884538,0.7851096,0.01177434,0.01454348,test
,,,,,
14912,0.6938909,0.6881687,0.0276682,0.03417535,test
14912,0.693489,0.6882762,0.0264799,0.03270758,test
14912,0.6929169,0.6885759,0.02179105,0.02691598,test
14912,0.6925802,0.6887718,0.01376283,0.01699965,test
14912,0.6900128,0.6899455,0.02330836,0.02879014,test
14912,0.6894841,0.6902642,0.02092835,0.02585038,test
14912,0.6889398,0.6904675,0.0166309,0.02054224,test
14912,0.688492,0.690839,0.009070912,0.01120426,test
14912,0.6950949,0.6938341,0.03096606,0.03824882,test
14912,0.6960639,0.6939772,0.02932267,0.03621893,test
14912,0.6982395,0.6948618,0.02142467,0.02646343,test
14912,0.7004552,0.6959288,0.008428094,0.01041026,test
14912,0.7181555,0.7025143,0.04746884,0.05863282,test
14912,0.7190714,0.7028294,0.0463056,0.05719599,test
14912,0.7203263,0.7031783,0.04376093,0.05405286,test
14912,0.721526,0.7037079,0.04107839,0.05073942,test
14912,0.7418737,0.7110226,0.0613833,0.07581974,test
14912,0.7432396,0.7115231,0.05989629,0.07398301,test
14912,0.7474894,0.7131767,0.05428997,0.06705816,test
14912,0.7526684,0.7150874,0.04823414,0.05957809,test
14912,0.7731583,0.71891,0.06461233,0.07980819,test
14912,0.7747218,0.7192072,0.06297867,0.07779033,test
14912,0.7791979,0.7200078,0.05731585,0.07079568,test
14912,0.7858423,0.7211628,0.04951897,0.06116509,test
14912,0.8059351,0.7225317,0.06534376,0.08071164,test
14912,0.8073937,0.7226325,0.06333087,0.07822534,test
14912,0.8115798,0.7228175,0.05818441,0.07186852,test
14912,0.8183491,0.7228596,0.05095904,0.06294385,test
14912,0.8333807,0.7200126,0.06147169,0.07592892,test
14912,0.8351207,0.71986,0.05887925,0.07272678,test
14912,0.8391655,0.7193508,0.0532783,0.06580856,test
14912,0.8452357,0.7179257,0.04531591,0.05597354,test
14912,0.854605,0.7074449,0.05498392,0.06791532,test
14912,0.8554717,0.7065464,0.05367252,0.0662955,test
14912,0.8572892,0.7041876,0.04839635,0.05977845,test
14912,0.8596783,0.7010242,0.04284143,0.0529171,test
14912,0.8618744,0.687457,0.05309742,0.06558514,test
14912,0.8622317,0.685819,0.05142296,0.06351688,test
14912,0.8626124,0.6825324,0.04757122,0.05875926,test
14912,0.8630612,0.6791379,0.04269445,0.05273556,test
14912,0.8590881,0.6645731,0.05582874,0.06895883,test
14912,0.858822,0.6634997,0.05452273,0.06734568,test
14912,0.8582424,0.6616315,0.05159916,0.06373452,test
14912,0.8574438,0.6591582,0.04793184,0.0592047,test
14912,0.8504334,0.6443579,0.0616002,0.07608766,test
14912,0.8496778,0.6428246,0.05958636,0.0736002,test
14912,0.848242,0.6398779,0.05530127,0.06830731,test
14912,0.8462985,0.6360815,0.04980655,0.06152031,test
14912,0.8380267,0.6186653,0.06510761,0.08041996,test
14912,0.8372828,0.6170081,0.06306462,0.07789648,test
14912,0.8357508,0.613695,0.05812114,0.07179037,test
14912,0.8335923,0.609017,0.05160201,0.06373803,test
14912,0.8247042,0.5926436,0.06611746,0.08166731,test
14912,0.823967,0.5912971,0.06407026,0.07913864,test
14912,0.8222352,0.5880087,0.05863253,0.07242203,test
14912,0.8194203,0.5827799,0.05044387,0.06230752,test
14912,0.810207,0.5679132,0.0635059,0.07844155,test
14912,0.8094294,0.5666073,0.06157139,0.07605206,test
14912,0.8075175,0.5638564,0.05692527,0.07031325,test
14912,0.804701,0.5595916,0.04941638,0.06103838,test
14912,0.7955985,0.5453494,0.06237231,0.07704135,test
14912,0.7947786,0.5440386,0.06020701,0.0743668,test
14912,0.7928418,0.5412865,0.05583007,0.06896047,test
14912,0.7899122,0.5370811,0.04918565,0.06075338,test
14912,0.7800462,0.525125,0.06081802,0.07512151,test
14912,0.7792109,0.5240422,0.05928954,0.07323356,test
14912,0.7771499,0.5217356,0.05440113,0.06719547,test
14912,0.7740285,0.5183414,0.04838534,0.05976486,test
14912,0.7637281,0.5082246,0.06024247,0.0744106,test
14912,0.762779,0.5073707,0.05855323,0.07232408,test
14912,0.7605394,0.5051438,0.05456211,0.06739432,test
14912,0.7574214,0.5023214,0.04785542,0.05911031,test
14912,0.7472148,0.4915953,0.06029311,0.07447316,test
14912,0.7463233,0.4905829,0.05859784,0.07237919,test
14912,0.7440231,0.4883528,0.05376169,0.06640564,test
14912,0.7409926,0.4849145,0.04737498,0.05851687,test
14912,0.7327206,0.4763445,0.05578017,0.06889884,test
14912,0.7317776,0.475356,0.05392551,0.06660799,test
14912,0.7295709,0.4731732,0.0491269,0.06068081,test
14912,0.7265204,0.4700336,0.04239463,0.05236521,test
14912,0.7203912,0.4643082,0.04648557,0.05741829,test
14912,0.7194687,0.463486,0.04455233,0.05503038,test
14912,0.7178683,0.4620087,0.03985446,0.04922764,test
14912,0.7157169,0.4601438,0.03257635,0.04023782,test
14912,0.7137021,0.4584994,0.02678673,0.03308657,test
14912,0.7127122,0.4578195,0.02043612,0.02524239,test
,,,,,
14913,0.8903268,0.7239829,0.02862923,0.0353624,test
14913,0.8903056,0.7239798,0.0285563,0.03527232,test
14913,0.8904436,0.7240781,0.02740988,0.03385628,test
14913,0.8905957,0.7241792,0.02603466,0.03215763,test
14913,0.8886187,0.7231253,0.03387102,0.04183698,test
14913,0.8885917,0.7232016,0.03373671,0.04167108,test
14913,0.8886302,0.7233065,0.03322485,0.04103884,test
14913,0.8885834,0.7233611,0.03215021,0.03971146,test
14913,0.8873439,0.7122432,0.04773736,0.05896448,test
14913,0.8872144,0.7115325,0.0468943,0.05792315,test
14913,0.8868892,0.7096381,0.04429707,0.05471509,test
14913,0.8864602,0.7073558,0.04042638,0.04993406,test
14913,0.8858778,0.6859455,0.05878653,0.07261225,test
14913,0.8858516,0.6844296,0.05730966,0.07078804,test
14913,0.885866,0.682111,0.0545094,0.06732921,test
14913,0.8858256,0.679383,0.0511635,0.06319639,test
14913,0.8838265,0.6605003,0.06363863,0.07860549,test
14913,0.8835285,0.6585263,0.06142009,0.07586519,test
14913,0.8831108,0.6537629,0.05605521,0.06923857,test
14913,0.8823205,0.6457791,0.04855816,0.05997832,test
14913,0.8794492,0.628161,0.05880173,0.07263102,test
14913,0.8791942,0.6264096,0.05687674,0.0702533,test
14913,0.878458,0.6223426,0.05237728,0.06469563,test
14913,0.8773577,0.6166566,0.04611729,0.05696339,test
14913,0.875444,0.6022314,0.0552842,0.06828622,test
14913,0.8752224,0.6008253,0.05379962,0.0664525,test
14913,0.8749453,0.5982236,0.05025543,0.06207477,test
14913,0.8746567,0.5951858,0.04585857,0.05664382,test
14913,0.8732097,0.5801467,0.05680634,0.07016636,test
14913,0.8731036,0.5785214,0.0549804,0.06791097,test
14913,0.8727526,0.5751096,0.05084106,0.06279813,test
14913,0.8722041,0.5705274,0.04549124,0.05619011,test
14913,0.870173,0.5527058,0.05774603,0.07132704,test
14913,0.8699871,0.5509314,0.05617262,0.06938358,test
14913,0.8696496,0.5475788,0.05172172,0.0638859,test
14913,0.8691571,0.5428815,0.04665855,0.05763195,test
14913,0.8680167,0.5289806,0.05411048,0.06683645,test
14913,0.867869,0.5271606,0.05208376,0.06433309,test
14913,0.8675202,0.5231672,0.04655394,0.05750274,test
14913,0.8670454,0.5170425,0.03845124,0.0474944,test
14913,0.866452,0.5108351,0.03735974,0.0461462,test
14913,0.8662313,0.5096455,0.03485027,0.04304653,test
14913,0.8659295,0.5077205,0.02347562,0.02899674,test
,,,,,
14914,0.9091019,0.6400322,0.009571275,0.0118223,test
14914,0.9091422,0.640008,0.009164814,0.01132024,test
,,,,,
14914,0.9046169,0.6428006,0.02414273,0.02982074,test
14914,0.904,0.643518,0.01998025,0.02467931,test
,,,,,
14914,0.8889449,0.6361569,0.03681977,0.04547923,test
14914,0.8886228,0.6358186,0.03602433,0.04449672,test
14914,0.8881366,0.635454,0.03416878,0.04220477,test
14914,0.8878222,0.6350679,0.03207148,0.03961422,test
14914,0.8728077,0.6225578,0.05566979,0.0687625,test
14914,0.8718696,0.621791,0.05390076,0.06657742,test
14914,0.8696552,0.6200383,0.04936961,0.06098061,test
14914,0.8675045,0.6180599,0.04565551,0.05639301,test
14914,0.8504608,0.6036046,0.06686644,0.08259244,test
14914,0.8492428,0.6026195,0.06515661,0.08048048,test
14914,0.8461008,0.6000072,0.05965413,0.0736839,test
14914,0.8420173,0.5965394,0.05240934,0.06473523,test
14914,0.8320296,0.5861756,0.06327385,0.07815491,test
14914,0.830838,0.5851184,0.06113259,0.07551007,test
14914,0.8275874,0.58174,0.05438744,0.06717856,test
14914,0.8213817,0.5751602,0.04266391,0.05269783,test
14914,0.8208863,0.566667,0.04701143,0.05806782,test
14914,0.8207936,0.5656123,0.04510731,0.05571588,test
14914,0.8212226,0.5633339,0.04013026,0.04956831,test
14914,0.822185,0.5601029,0.03289388,0.04063004,test
14914,0.8366821,0.5554742,0.05126179,0.06331781,test
14914,0.8378226,0.555228,0.04987223,0.06160144,test
14914,0.83895,0.5549145,0.04819674,0.0595319,test
14914,0.8398054,0.5547457,0.0458002,0.05657173,test
14914,0.8574448,0.5535972,0.06362119,0.07858394,test
14914,0.8587312,0.5535187,0.06205072,0.07664414,test
14914,0.8618347,0.5533162,0.05809598,0.07175929,test
14914,0.8657683,0.5530876,0.05278215,0.06519573,test
14914,0.8844907,0.5526818,0.06817958,0.08421441,test
14914,0.8856044,0.5526819,0.0666488,0.08232361,test
14914,0.8893895,0.5527073,0.06200495,0.0765876,test
14914,0.8960706,0.552473,0.05390476,0.06658236,test
14914,0.915118,0.5529547,0.06794082,0.0839195,test
14914,0.9163188,0.5530882,0.06684475,0.08256565,test
14914,0.9196827,0.5531473,0.06227056,0.07691567,test
14914,0.9252033,0.553184,0.05536182,0.0683821,test
14914,0.9456772,0.5532409,0.07039984,0.08695684,test
14914,0.947199,0.5532507,0.06895683,0.08517446,test
14914,0.950746,0.5532482,0.0639558,0.07899725,test
14914,0.9569297,0.5531905,0.05680114,0.07015993,test
14914,0.9681895,0.5526344,0.06331335,0.07820371,test
14914,0.9697794,0.5526658,0.06046822,0.07468946,test
14914,0.973526,0.5524984,0.05437312,0.06716087,test
14914,0.9810466,0.5521333,0.04487655,0.05543085,test
14914,0.9850567,0.5521391,0.03956724,0.04887287,test
14914,0.986301,0.5522796,0.03741455,0.0462139,test
14914,0.9893092,0.5519088,0.03000849,0.03706605,test
,,,,,
14915,0.9134252,0.7100691,0.02250189,0.027794,test
14915,0.9134875,0.7100708,0.02202136,0.02720045,test
14915,0.9133535,0.710187,0.01956198,0.02416267,test
14915,0.9132806,0.710214,0.01666377,0.02058284,test
14915,0.913543,0.715531,0.03043965,0.03759861,test
14915,0.9135764,0.7162672,0.0291358,0.03598811,test
14915,0.9135864,0.7176814,0.02485944,0.03070602,test
14915,0.9135755,0.7192184,0.01932326,0.02386781,test
14915,0.919879,0.719989,0.03549312,0.04384058,test
14915,0.9203861,0.7200508,0.03424617,0.04230036,test
14915,0.9217555,0.720291,0.02945257,0.03637937,test
14915,0.9236165,0.7205176,0.022829,0.02819804,test
14915,0.9349269,0.7231072,0.04326813,0.05344415,test
14915,0.9357656,0.7232918,0.04204098,0.0519284,test
14915,0.9372792,0.7238144,0.03922827,0.04845418,test
14915,0.9387467,0.7244121,0.03629982,0.04483699,test
14915,0.9492943,0.7278921,0.04868478,0.06013472,test
14915,0.9502523,0.7282642,0.04744893,0.05860822,test
14915,0.9525025,0.7290202,0.04361726,0.05387539,test
14915,0.9552428,0.7299129,0.03846244,0.04750824,test
14915,0.9674441,0.733122,0.05020763,0.06201572,test
14915,0.9686554,0.7334291,0.04854273,0.05995926,test
14915,0.9711397,0.7339522,0.04450931,0.05497725,test
14915,0.9741476,0.734569,0.03903472,0.04821511,test
14915,0.9808965,0.7351599,0.04382655,0.0541339,test
14915,0.9822212,0.735303,0.04187712,0.051726,test
14915,0.9850918,0.7354121,0.03634979,0.04489872,test
14915,0.9890364,0.7351466,0.02986648,0.03689064,test
14915,0.9916098,0.7348928,0.02512827,0.03103806,test
14915,0.9933361,0.7350791,0.02015589,0.02489626,test
,,,,,
14916,0.898337,0.703223,0.01614053,0.01993654,test
14916,0.8979831,0.7036247,0.01264228,0.01561556,test
,,,,,
14916,0.8997625,0.7050461,0.03457741,0.04270951,test
14916,0.8998029,0.7049215,0.03470006,0.042861,test
14916,0.8998601,0.7048153,0.0337377,0.04167231,test
14916,0.8997071,0.7046825,0.03194728,0.03946081,test
14916,0.9125195,0.7016496,0.05141403,0.06350584,test
14916,0.9131321,0.7015539,0.05060199,0.06250282,test
14916,0.9150076,0.7010704,0.04784196,0.05909368,test
14916,0.9171462,0.7003909,0.04419871,0.0545936,test
14916,0.9344231,0.6976966,0.05965623,0.0736865,test
14916,0.9357867,0.6975356,0.05836678,0.07209378,test
14916,0.9391149,0.6971684,0.05391141,0.06659058,test
14916,0.9434242,0.6966879,0.04829022,0.05964736,test
14916,0.9568863,0.6913308,0.05965403,0.07368378,test
14916,0.9583227,0.690795,0.05754653,0.07108062,test
14916,0.9619423,0.6892793,0.05205326,0.06429543,test
14916,0.9673122,0.6868186,0.04357896,0.05382808,test
14916,0.9761568,0.6768706,0.05135011,0.0634269,test
14916,0.9771517,0.6758538,0.04961856,0.06128812,test
14916,0.9793862,0.6734701,0.04521431,0.05584804,test
14916,0.9822687,0.6700436,0.04102054,0.05066796,test
14916,0.9846265,0.6570072,0.04813556,0.05945633,test
14916,0.9852172,0.6556277,0.04679634,0.05780214,test
14916,0.9864289,0.6527426,0.04301809,0.05313531,test
14916,0.987857,0.6493474,0.03918784,0.04840424,test
14916,0.987103,0.6334931,0.04835099,0.05972242,test
14916,0.9873199,0.6320274,0.04705544,0.05812218,test
14916,0.9877307,0.6289436,0.04433367,0.0547603,test
14916,0.9880821,0.6248471,0.04037787,0.04987414,test
14916,0.9828908,0.6066249,0.05463877,0.067489,test
14916,0.9828208,0.6049204,0.05332626,0.06586781,test
14916,0.982777,0.6021865,0.05047792,0.06234958,test
14916,0.982475,0.5987714,0.0463466,0.05724663,test
14916,0.9740233,0.5873011,0.05685064,0.07022106,test
14916,0.9737351,0.5864004,0.05595936,0.06912018,test
14916,0.9729794,0.5842953,0.05316208,0.06566501,test
14916,0.9695267,0.580478,0.04653244,0.05747618,test
14916,0.9583096,0.5746485,0.05613886,0.06934188,test
14916,0.9571436,0.5740242,0.05454592,0.0673743,test
14916,0.954559,0.5728753,0.04997236,0.06172512,test
14916,0.95105,0.5715025,0.04377329,0.05406812,test
14916,0.9427568,0.5701967,0.04986438,0.06159174,test
14916,0.941572,0.5700272,0.04821126,0.05954984,test
14916,0.9392813,0.5698492,0.04339285,0.05359821,test
14916,0.9360848,0.569585,0.03590021,0.04434341,test
14916,0.9301516,0.5715348,0.03853415,0.0475968,test
14916,0.929035,0.5720536,0.03602927,0.04450282,test
14916,0.9276238,0.5726978,0.02990302,0.03693576,test
14916,0.9257925,0.5735317,0.018672,0.02306337,test
14916,0.9226411,0.5766541,0.01692132,0.02090097,test
,,,,,
14917,0.2581673,0.4515469,0.03077371,0.03801123,test
14917,0.258111,0.4514892,0.03063624,0.03784144,test
14917,0.2581132,0.4513141,0.02942168,0.03634122,test
14917,0.2581544,0.4510869,0.02824205,0.03488416,test
14917,0.2579095,0.4533289,0.03076365,0.03799881,test
14917,0.2575792,0.4542517,0.02869607,0.03544496,test
14917,0.2567911,0.4563612,0.01491154,0.01841851,test
,,,,,
14917,0.2656509,0.4588748,0.01890816,0.02335508,test
14917,0.2669183,0.4583745,0.01403261,0.01733287,test
,,,,,
14917,0.282342,0.4558312,0.04485913,0.05540933,test
14917,0.2827562,0.4557404,0.04450811,0.05497576,test
14917,0.2830489,0.4557759,0.04380032,0.0541015,test
14917,0.2832252,0.4558208,0.04255366,0.05256165,test
14917,0.2959229,0.4557009,0.05585298,0.06898877,test
14917,0.2969173,0.455702,0.0545781,0.06741406,test
14917,0.3003936,0.4555301,0.0498133,0.06152865,test
14917,0.3048072,0.4553226,0.04396607,0.05430624,test
14917,0.3231538,0.4591243,0.06141573,0.0758598,test
14917,0.3241168,0.4592471,0.06020679,0.07436653,test
14917,0.3261946,0.4595195,0.05740521,0.07090606,test
14917,0.3285422,0.4600956,0.05445926,0.06726728,test
14917,0.3478749,0.4636208,0.0715297,0.08835243,test
14917,0.3492321,0.4638882,0.06987217,0.08630507,test
14917,0.3530829,0.4646081,0.06450592,0.07967676,test
14917,0.3598591,0.465931,0.05657338,0.0698786,test
14917,0.3779985,0.4686438,0.0693232,0.08562698,test
14917,0.3795294,0.4688429,0.06732197,0.0831551,test
14917,0.383598,0.4694268,0.06212449,0.07673526,test
14917,0.3918296,0.4706385,0.05266759,0.06505422,test
14917,0.4067047,0.4712056,0.06100823,0.07535645,test
14917,0.4082907,0.4712122,0.05898329,0.07285529,test
14917,0.41206,0.4712708,0.05339428,0.06595182,test
14917,0.4186332,0.4712271,0.04519815,0.05582808,test
14917,0.4282925,0.4688642,0.04911555,0.0606668,test
14917,0.4300533,0.4685603,0.0464069,0.0573211,test
14917,0.4337552,0.4672384,0.03858454,0.04765905,test
14917,0.4392591,0.4649924,0.0270853,0.03345536,test
14917,0.4423457,0.463812,0.015186,0.01875753,test
,,,,,
14918,0.2601123,0.3686602,0.01189637,0.01469422,test
14918,0.2600254,0.3685385,0.01158269,0.01430677,test
,,,,,
14918,0.2598378,0.3781153,0.03606546,0.04454752,test
14918,0.259763,0.37874,0.03499201,0.04322161,test
14918,0.259654,0.380351,0.03101887,0.03831404,test
14918,0.259315,0.3826317,0.02435138,0.03007847,test
14918,0.2697868,0.3927961,0.04192799,0.05178884,test
14918,0.2708021,0.3937246,0.04024305,0.04970762,test
14918,0.2728795,0.3953354,0.03568042,0.04407193,test
14918,0.2748054,0.3966482,0.03041754,0.03757129,test
14918,0.2940057,0.4042908,0.05432405,0.06710026,test
14918,0.2950609,0.4047082,0.05264618,0.06502777,test
14918,0.297046,0.4054854,0.04971106,0.06140237,test
14918,0.2990795,0.4062714,0.04608196,0.05691975,test
14918,0.3166179,0.4099969,0.06165954,0.07616094,test
14918,0.3180661,0.4103442,0.06017325,0.07432511,test
14918,0.322216,0.4113038,0.05495788,0.06788316,test
14918,0.3275712,0.4123964,0.04854292,0.0599595,test
14918,0.3440276,0.4133755,0.06115597,0.07553895,test
14918,0.3456258,0.4134903,0.05917189,0.07308824,test
14918,0.3493545,0.4137415,0.05386894,0.06653812,test
14918,0.3548685,0.4141006,0.04656946,0.0575219,test
14918,0.3688904,0.4124764,0.05692878,0.07031758,test
14918,0.3699941,0.4123842,0.05594677,0.06910462,test
14918,0.3728697,0.4120041,0.05185992,0.0640566,test
14918,0.3773344,0.4112528,0.04568719,0.05643214,test
14918,0.3870957,0.4055476,0.05332742,0.06586924,test
14918,0.3882697,0.4049416,0.0513286,0.06340033,test
14918,0.3907354,0.4032351,0.04652614,0.0574684,test
14918,0.3938933,0.4006676,0.03988327,0.04926322,test
14918,0.4010558,0.3905063,0.04932604,0.0609268,test
14918,0.4018302,0.3894533,0.04771705,0.05893939,test
14918,0.4030166,0.3874321,0.04379624,0.05409647,test
14918,0.4043224,0.3849433,0.03881535,0.04794414,test
14918,0.4074971,0.3724234,0.05017452,0.06197483,test
14918,0.407831,0.3711196,0.04878939,0.06026393,test
14918,0.4083354,0.3686149,0.04547149,0.05616571,test
14918,0.4089357,0.3659687,0.04085528,0.05046384,test
14918,0.4097348,0.3522151,0.05196422,0.06418544,test
14918,0.409883,0.3507419,0.05049033,0.0623649,test
14918,0.4098228,0.3481234,0.047037,0.0580994,test
14918,0.409713,0.3447764,0.04217889,0.05209874,test
14918,0.4075749,0.3308996,0.05300024,0.06546512,test
14918,0.4074595,0.329548,0.05146177,0.06356482,test
14918,0.4070626,0.3269014,0.04745809,0.05861953,test
14918,0.4065801,0.3236007,0.04176461,0.05158703,test
14918,0.4023053,0.3120704,0.05135373,0.06343137,test
14918,0.4018711,0.310874,0.04983473,0.06155512,test
14918,0.4011015,0.3091021,0.04680968,0.05781862,test
14918,0.4001395,0.3072262,0.04363457,0.05389677,test
14918,0.3953511,0.2980982,0.05224609,0.0645336,test
14918,0.3946941,0.2967909,0.05041131,0.0622673,test
14918,0.393431,0.2943835,0.04605248,0.05688334,test
14918,0.3917484,0.2913323,0.04047074,0.04998886,test
14918,0.3870191,0.2837662,0.04647248,0.05740211,test
14918,0.3863046,0.2826808,0.04475773,0.05528408,test
14918,0.3852077,0.2809972,0.04074485,0.05032744,test
14918,0.3837379,0.2787848,0.03438033,0.04246607,test
14918,0.3817004,0.27553,0.03402426,0.04202627,test
14918,0.3808866,0.2745183,0.03026546,0.03738344,test
14918,0.3800982,0.2735438,0.01908676,0.02357569,test
,,,,,
14919,0.3071967,0.3803184,0.01781271,0.022002,test
14919,0.3072063,0.3802288,0.0176454,0.02179534,test
14919,0.3072687,0.3801361,0.0158415,0.01956718,test
14919,0.3073261,0.3798784,0.01244792,0.01537549,test
14919,0.3035525,0.3873943,0.0339229,0.04190106,test
14919,0.3031963,0.3880745,0.03262517,0.04029813,test
14919,0.3024611,0.3896499,0.02876152,0.0355258,test
14919,0.3017432,0.3911762,0.02441747,0.0301601,test
14919,0.300748,0.3938487,0.0303282,0.03746094,test
14919,0.300629,0.3943965,0.02904768,0.03587927,test
14919,0.3004575,0.3946067,0.0273276,0.03375464,test
14919,0.3003203,0.3947472,0.02255784,0.02786311,test
14919,0.3060196,0.3963495,0.03266909,0.04035237,test
14919,0.3077671,0.3973786,0.0261503,0.03230046,test
14919,0.3098845,0.398007,0.01484437,0.01833555,test
,,,,,
14919,0.3218346,0.398829,0.04075666,0.05034202,test
14919,0.3222895,0.3989646,0.03962166,0.04894008,test
14919,0.323155,0.3990478,0.03746208,0.04627261,test
14919,0.3241644,0.3994188,0.0350299,0.04326841,test
14919,0.3401529,0.4044075,0.05617171,0.06938247,test
14919,0.340936,0.4045173,0.05516352,0.06813716,test
14919,0.3427552,0.4051153,0.0523563,0.06466972,test
14919,0.344768,0.4059239,0.04880976,0.06028908,test
14919,0.3613365,0.4109544,0.0644438,0.07960003,test
14919,0.3626755,0.4113784,0.06287276,0.0776595,test
14919,0.3663867,0.4124947,0.05773499,0.0713134,test
14919,0.3720759,0.4143909,0.05038358,0.06223305,test
14919,0.3905948,0.4168574,0.06449976,0.07966915,test
14919,0.3919416,0.4169249,0.06281985,0.07759415,test
14919,0.3956083,0.4172907,0.05769849,0.07126832,test
14919,0.4016048,0.4180851,0.05103804,0.06304144,test
14919,0.4233949,0.4217494,0.06853369,0.0846518,test
14919,0.4247951,0.4219729,0.06665502,0.08233129,test
14919,0.4285419,0.4225759,0.06226727,0.07691161,test
14919,0.4338778,0.4235681,0.05640553,0.06967128,test
14919,0.4539038,0.4273,0.07213355,0.08909829,test
14919,0.4553141,0.4275867,0.07017791,0.08668272,test
14919,0.4592956,0.4283474,0.06458785,0.07977796,test
14919,0.467512,0.429878,0.0551371,0.06810454,test
14919,0.4817687,0.4317523,0.0636409,0.0786083,test
14919,0.4831237,0.4318965,0.06177084,0.07629842,test
14919,0.4868837,0.4324128,0.0567483,0.07009466,test
14919,0.4946899,0.4334866,0.04672836,0.05771818,test
14919,0.5042356,0.4340182,0.04960258,0.06126837,test
14919,0.5056874,0.4339795,0.04758913,0.05878139,test
14919,0.5083733,0.4339083,0.04183362,0.05167227,test
14919,0.5124108,0.4336192,0.03227526,0.03986592,test
14919,0.5179715,0.432909,0.03336296,0.04120943,test
14919,0.5189838,0.432882,0.03012275,0.03720718,test
14919,0.5204166,0.4330123,0.01932715,0.02387261,test
,,,,,
14920,0.2857161,0.3099156,0.02480669,0.03064085,test
14920,0.2853688,0.310533,0.02307461,0.02850141,test
14920,0.2847589,0.3119943,0.01574953,0.01945359,test
,,,,,
14920,0.2878059,0.3269224,0.03460041,0.04273791,test
14920,0.2879847,0.3279843,0.03322764,0.04104229,test
14920,0.2885421,0.3298967,0.02891961,0.03572107,test
14920,0.2893055,0.3316749,0.0228043,0.02816753,test
14920,0.3028292,0.3434328,0.04786363,0.05912045,test
14920,0.3034628,0.3439851,0.04669508,0.05767707,test
14920,0.3047759,0.3451562,0.04417843,0.05456854,test
14920,0.3061182,0.3463084,0.04069139,0.05026141,test
14920,0.3253604,0.3565365,0.06207913,0.07667922,test
14920,0.3265784,0.3572524,0.06042322,0.07463387,test
14920,0.329747,0.3590036,0.05549225,0.06854321,test
14920,0.3334188,0.3610325,0.04987886,0.06160964,test
14920,0.3564244,0.3698899,0.07105156,0.08776183,test
14920,0.3578581,0.3704694,0.06929165,0.08558802,test
14920,0.3620078,0.3721694,0.06354728,0.07849266,test
14920,0.36897,0.3749899,0.0555125,0.06856822,test
14920,0.3868319,0.3799218,0.0683694,0.08444887,test
14920,0.3882573,0.3802688,0.06663354,0.08230476,test
14920,0.3927074,0.3814329,0.06056188,0.07480513,test
14920,0.4021854,0.3838127,0.04933598,0.06093907,test
14920,0.4166774,0.3841885,0.0592709,0.07321053,test
14920,0.4180756,0.3842554,0.0572599,0.07072659,test
14920,0.4215459,0.3842767,0.05182093,0.06400844,test
14920,0.4272348,0.3838745,0.04453207,0.05500536,test
14920,0.438377,0.3784203,0.05314605,0.06564522,test
14920,0.4394196,0.3779614,0.05143678,0.06353395,test
14920,0.441521,0.3765825,0.0475736,0.0587622,test
14920,0.4442543,0.3746411,0.04249545,0.05248975,test
14920,0.448828,0.3623856,0.05348499,0.06606387,test
14920,0.4493531,0.361198,0.05211507,0.06437176,test
14920,0.450231,0.3584952,0.04855392,0.05997308,test
14920,0.4512872,0.3548435,0.04344319,0.05366038,test
14920,0.4481036,0.3383946,0.05704497,0.0704611,test
14920,0.4478793,0.3371622,0.05567388,0.06876755,test
14920,0.4470225,0.3341085,0.05176588,0.06394044,test
14920,0.4458825,0.3303272,0.04668832,0.05766872,test
14920,0.4398647,0.3142568,0.06023129,0.0743968,test
14920,0.4394187,0.3130753,0.05879608,0.07262405,test
14920,0.4382275,0.3100128,0.05489699,0.06780795,test
14920,0.4365099,0.3056541,0.04847713,0.05987823,test
14920,0.4282449,0.287928,0.06479891,0.08003866,test
14920,0.4276135,0.2864952,0.06267466,0.07741482,test
14920,0.4261188,0.2831069,0.05756998,0.07110958,test
14920,0.423854,0.2783164,0.05128047,0.06334088,test
14920,0.4144833,0.2609364,0.0666573,0.0823341,test
14920,0.4137675,0.2596878,0.06526705,0.08061689,test
14920,0.4118806,0.256355,0.06016738,0.07431786,test
14920,0.4088859,0.2511345,0.05238915,0.0647103,test
14920,0.4021951,0.2378517,0.06205246,0.07664628,test
14920,0.401533,0.2364618,0.06023189,0.07439753,test
14920,0.3998315,0.2329006,0.05488012,0.06778711,test
14920,0.3969446,0.2268027,0.04627715,0.05716085,test
14920,0.3938353,0.2189972,0.04787381,0.05913302,test
14920,0.3933398,0.2177066,0.04597131,0.05678308,test
14920,0.3925287,0.215442,0.04063019,0.05018581,test
14920,0.391317,0.2118224,0.03178788,0.03926392,test
14920,0.3904104,0.2080689,0.0243839,0.03011863,test
14920,0.3901466,0.20652,0.01580619,0.01952357,test
,,,,,
14921,0.5475934,0.417989,0.02656902,0.03281766,test
14921,0.5472807,0.4180161,0.025434,0.0314157,test
14921,0.5470747,0.4182264,0.02236806,0.0276287,test
14921,0.5469332,0.4184856,0.01826955,0.02256628,test
14921,0.5457616,0.4079225,0.04024275,0.04970725,test
14921,0.5457975,0.4073519,0.03952428,0.04881981,test
14921,0.5456308,0.4062281,0.03709398,0.04581793,test
14921,0.5452874,0.40503,0.03362322,0.0415309,test
14921,0.5457652,0.3894569,0.0493752,0.06098751,test
14921,0.5458092,0.3881833,0.04808598,0.05939509,test
14921,0.5459351,0.385548,0.04493597,0.05550424,test
14921,0.5460699,0.382439,0.04114314,0.0508194,test
14921,0.5451484,0.3638439,0.0552234,0.06821112,test
14921,0.5450106,0.3621739,0.05387378,0.06654409,test
14921,0.5448523,0.358362,0.04908142,0.06062464,test
14921,0.5448384,0.353699,0.04432599,0.05475081,test
14921,0.542841,0.3356542,0.05662458,0.06994185,test
14921,0.5425737,0.333915,0.05472723,0.06759827,test
14921,0.5421094,0.3297337,0.05040082,0.06225434,test
14921,0.5414621,0.324304,0.04470536,0.05521941,test
14921,0.5399315,0.304184,0.05853315,0.07229928,test
14921,0.539767,0.3025204,0.05703172,0.07044473,test
14921,0.539483,0.2985801,0.05228179,0.06457769,test
14921,0.5393325,0.2932294,0.04688558,0.05791237,test
14921,0.539035,0.2733388,0.0597056,0.07374747,test
14921,0.5390319,0.2718248,0.05798698,0.07162466,test
14921,0.5388789,0.2674909,0.05341223,0.065974,test
14921,0.5389089,0.2614656,0.04731683,0.05844505,test
14921,0.5389364,0.246214,0.05572196,0.06882694,test
14921,0.5388903,0.244059,0.05355555,0.06615102,test
14921,0.5388738,0.2394481,0.04735416,0.05849116,test
14921,0.538849,0.2329317,0.03910537,0.04830237,test
14921,0.5396221,0.2237064,0.04152151,0.05128675,test
14921,0.5397323,0.2220985,0.03916398,0.04837477,test
14921,0.53995,0.2195005,0.03267024,0.04035379,test
14921,0.540108,0.2158466,0.01923943,0.02376426,test
,,,,,
14922,0.5841508,0.3667553,0.01930953,0.02385084,test
14922,0.5838875,0.367031,0.01353549,0.01671884,test
,,,,,
14922,0.5644852,0.3560644,0.04101402,0.05065991,test
14922,0.5640398,0.3556994,0.03996719,0.04936688,test
14922,0.5635663,0.3552969,0.03897978,0.04814725,test
14922,0.5633295,0.3551013,0.03766473,0.04652292,test
14922,0.5440593,0.3391865,0.06605223,0.08158673,test
14922,0.5429915,0.3383182,0.0645131,0.07968563,test
14922,0.5402117,0.3359501,0.05933619,0.07329118,test
14922,0.5371463,0.3333518,0.05375758,0.06640057,test
14922,0.5178792,0.3166246,0.07692476,0.09501633,test
14922,0.5166038,0.3155092,0.07485317,0.09245752,test
14922,0.5126266,0.3120392,0.06820422,0.08424483,test
14922,0.5051243,0.3053092,0.05593137,0.0690856,test
14922,0.4887298,0.289158,0.07454066,0.09207152,test
14922,0.487483,0.2879751,0.07243906,0.08947565,test
14922,0.483879,0.2844649,0.06538791,0.08076619,test
14922,0.4768586,0.2775153,0.05269083,0.06508294,test
14922,0.4668089,0.2642905,0.06378406,0.07878512,test
14922,0.4658358,0.2629941,0.06179648,0.0763301,test
14922,0.4631787,0.2595656,0.05586758,0.0690068,test
14922,0.4586624,0.2534624,0.04623458,0.05710827,test
14922,0.4561453,0.2462901,0.04767661,0.05888944,test
14922,0.4557696,0.24513,0.04594147,0.05674623,test
14922,0.4552239,0.2426723,0.03981727,0.04918171,test
14922,0.454515,0.238368,0.02806567,0.0346663,test
14922,0.4650812,0.2320456,0.04450448,0.05497127,test
14922,0.4659303,0.231588,0.04307418,0.05320458,test
14922,0.4672315,0.2312865,0.04017728,0.04962638,test
14922,0.4684183,0.2311017,0.03744617,0.04625295,test
14922,0.4835543,0.2286407,0.05668607,0.07001779,test
14922,0.4844666,0.2285562,0.05574284,0.06885274,test
14922,0.4863115,0.2282249,0.05301695,0.06548575,test
14922,0.4885804,0.2277712,0.04968134,0.06136566,test
14922,0.5100017,0.2279096,0.06957293,0.08593544,test
14922,0.511295,0.2278708,0.06834202,0.08441505,test
14922,0.5150114,0.2278728,0.06334154,0.07823853,test
14922,0.5208855,0.2280155,0.05637979,0.06963948,test
14922,0.5438666,0.2301393,0.07433716,0.09182017,test
14922,0.5449704,0.2301963,0.07343047,0.09070023,test
14922,0.5491601,0.2306726,0.06808734,0.08410048,test
14922,0.5586832,0.2317565,0.05766385,0.07122553,test
14922,0.5807589,0.2348818,0.0726378,0.08972114,test
14922,0.58222,0.2350628,0.07096805,0.08765868,test
14922,0.5865675,0.2356616,0.06577443,0.0812436,test
14922,0.5963717,0.2369754,0.05479912,0.06768706,test
14922,0.6153192,0.239114,0.06778954,0.08373264,test
14922,0.6166796,0.2392887,0.06634292,0.08194579,test
14922,0.6208471,0.2397759,0.06070351,0.07498008,test
14922,0.6290771,0.2406021,0.05091708,0.06289203,test
14922,0.6420378,0.2419344,0.05771977,0.07129461,test
14922,0.6435295,0.2419768,0.0559108,0.06906019,test
14922,0.6471713,0.242281,0.05028012,0.06210526,test
14922,0.6536984,0.2428765,0.0413067,0.05102142,test
14922,0.6640453,0.2472409,0.04593984,0.05674421,test
14922,0.6655278,0.2478333,0.04313052,0.05327419,test
14922,0.6683092,0.2493049,0.03635333,0.0449031,test
14922,0.6724072,0.2519923,0.02541101,0.0313873,test
14922,0.6748816,0.2534471,0.01473585,0.01820151,test
,,,,,
14923,0.6710078,0.3576751,0.0325987,0.04026543,test
14923,0.6710069,0.3576558,0.03246164,0.04009614,test
14923,0.6711609,0.35748,0.03136783,0.03874508,test
14923,0.6712944,0.3571945,0.0298763,0.03690276,test
14923,0.672375,0.3629614,0.0419701,0.05184085,test
14923,0.6723798,0.363489,0.04119719,0.05088616,test
14923,0.6724616,0.3641368,0.03949011,0.0487776,test
14923,0.672571,0.3646225,0.03787085,0.04677751,test
14923,0.6803956,0.3667055,0.04862686,0.06006318,test
14923,0.6811596,0.367013,0.0472987,0.05842266,test
14923,0.6835726,0.3676174,0.04306076,0.05318802,test
14923,0.6870432,0.3683271,0.03619936,0.04471292,test
14923,0.7049595,0.3722692,0.05503003,0.06797228,test
14923,0.7061517,0.3725469,0.05351436,0.06610015,test
14923,0.7082517,0.3730868,0.05059698,0.06249664,test
14923,0.710539,0.3736223,0.04713868,0.058225,test
14923,0.7272986,0.3781163,0.06235515,0.07702015,test
14923,0.7286187,0.3784899,0.06087496,0.07519185,test
14923,0.7322437,0.3794808,0.05555677,0.0686229,test
14923,0.7375026,0.3810743,0.04853036,0.05994398,test
14923,0.7539209,0.3856591,0.06174628,0.07626809,test
14923,0.7552091,0.3860828,0.06042277,0.07463332,test
14923,0.7589283,0.3871926,0.05558451,0.06865717,test
14923,0.7644694,0.3887335,0.04861222,0.06004509,test
14923,0.7783403,0.3911183,0.05825699,0.07195817,test
14923,0.7798238,0.3913059,0.05681867,0.07018158,test
14923,0.7834653,0.3918768,0.05148639,0.06359523,test
14923,0.7892014,0.3926313,0.04357628,0.05382478,test
14923,0.7975869,0.3928971,0.04535138,0.05601735,test
14923,0.7986642,0.3930071,0.04354157,0.05378189,test
14923,0.8014796,0.3931211,0.03610498,0.04459634,test
14923,0.8066831,0.392888,0.02319382,0.02864866,test
,,,,,
14924,0.7099167,0.342361,0.03276955,0.04047646,test
14924,0.7099341,0.3423659,0.03276119,0.04046614,test
14924,0.7099228,0.3422848,0.0320026,0.03952914,test
14924,0.7100085,0.3423606,0.03048866,0.03765914,test
14924,0.717958,0.3435182,0.04413425,0.05451397,test
14924,0.7185824,0.343699,0.04311694,0.0532574,test
14924,0.7200621,0.3439971,0.03948414,0.04877023,test
14924,0.7221971,0.3444234,0.03467939,0.04283547,test
14924,0.7366986,0.3441498,0.05088029,0.06284658,test
14924,0.738106,0.3441156,0.04916324,0.06072572,test
14924,0.7405993,0.3442411,0.04582488,0.05660222,test
14924,0.7430788,0.3447242,0.04141556,0.05115588,test
14924,0.7584596,0.3430342,0.05549415,0.06854555,test
14924,0.7599449,0.3429269,0.05393301,0.06661726,test
14924,0.7633222,0.3425643,0.04919182,0.06076101,test
14924,0.767124,0.3420065,0.04359489,0.05384776,test
14924,0.7789958,0.3357508,0.05467689,0.06753609,test
14924,0.780322,0.3352032,0.05292678,0.06537437,test
14924,0.7835224,0.333433,0.0472913,0.05841351,test
14924,0.7875643,0.3309715,0.04043992,0.04995078,test
14924,0.7944069,0.320142,0.05011635,0.06190298,test
14924,0.7950681,0.3190353,0.04858882,0.06001619,test
14924,0.7964931,0.3166333,0.04388173,0.05420206,test
14924,0.7981153,0.3135041,0.03854118,0.0476055,test
14924,0.7998922,0.3027362,0.04724405,0.05835515,test
14924,0.800059,0.3014816,0.04571804,0.05647024,test
14924,0.8005102,0.2989796,0.04143283,0.05117722,test
14924,0.8014038,0.2952865,0.03517639,0.04344936,test
14924,0.7988664,0.2813776,0.04883928,0.06032555,test
14924,0.7986996,0.2803962,0.04772939,0.05895463,test
14924,0.7982807,0.2783802,0.04463813,0.05513636,test
14924,0.7978237,0.2760169,0.04070716,0.05028088,test
14924,0.788697,0.2624197,0.05758848,0.07113244,test
14924,0.7880473,0.2613359,0.05555753,0.06862384,test
14924,0.7863957,0.259017,0.0516317,0.06377471,test
14924,0.7844602,0.2563837,0.04726922,0.05838624,test
14924,0.7714095,0.2444682,0.06340539,0.0783174,test
14924,0.7704006,0.2435785,0.06163514,0.07613082,test
14924,0.7681203,0.2413965,0.05636914,0.06962632,test
14924,0.7647417,0.2383086,0.04999197,0.06174935,test
14924,0.7506174,0.228984,0.06439468,0.07953936,test
14924,0.7495895,0.2282554,0.06263269,0.07736297,test
14924,0.7466129,0.2262753,0.05770309,0.071274,test
14924,0.7418876,0.2233032,0.05034705,0.06218793,test
14924,0.7294381,0.2148211,0.06224168,0.07687999,test
14924,0.7284661,0.2140868,0.06081356,0.07511601,test
14924,0.7256278,0.2121055,0.05524726,0.0682406,test
14924,0.7212913,0.2091098,0.04754542,0.0587274,test
14924,0.711908,0.2004485,0.05596895,0.06913202,test
14924,0.7109625,0.1995348,0.0545196,0.0673418,test
14924,0.7086975,0.1972512,0.04938964,0.06100536,test
14924,0.7053518,0.1938132,0.04209945,0.05200061,test
14924,0.7013496,0.187445,0.04413129,0.05451032,test
14924,0.7006905,0.1864104,0.04208603,0.05198404,test
14924,0.6997638,0.1840768,0.03475342,0.04292692,test
14924,0.6979177,0.1802832,0.02043563,0.02524179,test
,,,,,
14925,0.7862378,0.2924285,0.04028051,0.04975389,test
14925,0.7864695,0.292745,0.03932104,0.04856877,test
14925,0.7873745,0.2937044,0.0370922,0.04581573,test
14925,0.7881148,0.2945922,0.03433323,0.0424079,test
14925,0.8030947,0.3003593,0.05329913,0.0658343,test
14925,0.8041881,0.3008161,0.05188824,0.06409159,test
14925,0.8066228,0.30189,0.04782405,0.05907156,test
14925,0.8091245,0.3027817,0.04386096,0.05417641,test
14925,0.827509,0.3062222,0.06119595,0.07558832,test
14925,0.8286139,0.3064156,0.05994922,0.07404838,test
14925,0.8323512,0.3072137,0.05528615,0.06828864,test
14925,0.8375338,0.308172,0.04913245,0.06068767,test
14925,0.8538579,0.3117162,0.06163485,0.07613046,test
14925,0.8551682,0.3119212,0.06007836,0.0742079,test
14925,0.859307,0.3126577,0.05446409,0.06727323,test
14925,0.8659726,0.3140738,0.04637811,0.05728556,test
14925,0.8814366,0.3189774,0.05875496,0.07257325,test
14925,0.8828756,0.3194417,0.05671571,0.0700544,test
14925,0.8865211,0.3205198,0.05136424,0.06344435,test
14925,0.8914438,0.3221307,0.044612,0.05510408,test
14925,0.9059142,0.3277,0.05709104,0.070518,test
14925,0.9071311,0.3282228,0.05587539,0.06901646,test
14925,0.9100767,0.3293122,0.05096064,0.06294584,test
14925,0.9140228,0.3307085,0.04516761,0.05579037,test
14925,0.9256462,0.3336266,0.05408206,0.06680136,test
14925,0.9268183,0.3340015,0.05254019,0.06489686,test
14925,0.9298304,0.3347673,0.04733555,0.05846817,test
14925,0.9344789,0.3359084,0.04054151,0.05007627,test
14925,0.9369706,0.3365942,0.03524973,0.04353994,test
14925,0.9377307,0.3364793,0.02996213,0.03700878,test
,,,,,
14926,0.897873,0.3751842,0.01719797,0.02124268,test
14926,0.8980682,0.3751425,0.0168808,0.02085091,test
14926,0.8982653,0.3751478,0.01336279,0.01650552,test
,,,,,
14926,0.8903624,0.3677736,0.03948834,0.04877541,test
14926,0.8899434,0.3675327,0.0390213,0.04819853,test
14926,0.8892634,0.3670547,0.03583192,0.04425906,test
14926,0.8883532,0.3662907,0.03211748,0.03967104,test
14926,0.8796687,0.3428882,0.05498384,0.06791522,test
14926,0.8789932,0.3412015,0.05330194,0.06583778,test
14926,0.8776671,0.3374232,0.04774137,0.05896944,test
14926,0.8763415,0.3336287,0.04282172,0.05289275,test
14926,0.8702288,0.305643,0.06451333,0.07968592,test
14926,0.8698176,0.303703,0.06280728,0.07757861,test
14926,0.8686678,0.2985212,0.0570285,0.07044076,test
14926,0.8674304,0.2932562,0.05197087,0.06419365,test
14926,0.8636643,0.2711284,0.06682407,0.0825401,test
14926,0.8632908,0.269242,0.06499197,0.08027712,test
14926,0.8623271,0.2636098,0.05871637,0.07252559,test
14926,0.8605554,0.2529306,0.04887252,0.06036661,test
14926,0.8577512,0.2364059,0.05611269,0.06930956,test
14926,0.8573875,0.2344194,0.05420839,0.0669574,test
14926,0.8564434,0.228803,0.04719492,0.05829446,test
14926,0.8543973,0.2181124,0.03540849,0.04373604,test
14926,0.8521515,0.2081414,0.0364732,0.04505116,test
14926,0.8517495,0.2064307,0.03229619,0.03989177,test
14926,0.8507573,0.2019036,0.0117861,0.01455801,test
,,,,,
14927,0.8789977,0.2971176,0.04302544,0.05314439,test
14927,0.878348,0.2972273,0.04244684,0.05242971,test
14927,0.8771007,0.2973228,0.04033162,0.04981701,test
14927,0.8761172,0.297346,0.03751114,0.04633321,test
14927,0.8512191,0.2829576,0.06494363,0.08021742,test
14927,0.8492017,0.2818863,0.06303899,0.07786483,test
14927,0.8446677,0.2791288,0.05611799,0.06931611,test
14927,0.8411465,0.2768284,0.05097619,0.06296504,test
14927,0.8210078,0.2626922,0.07190779,0.08881944,test
14927,0.8196218,0.261744,0.0699034,0.08634364,test
14927,0.8145786,0.2581566,0.0620843,0.07668561,test
14927,0.8061894,0.2523058,0.05049476,0.06237039,test
14927,0.7969775,0.2457978,0.05718244,0.07063091,test
14927,0.795757,0.2449387,0.05533066,0.06834361,test
14927,0.792434,0.2425568,0.04821574,0.05955537,test
14927,0.7868133,0.2387605,0.03833813,0.04735469,test
14927,0.7872727,0.2320164,0.0436483,0.05391374,test
14927,0.7872961,0.2312347,0.04238035,0.05234758,test
14927,0.7879464,0.229314,0.03801793,0.04695919,test
14927,0.7891938,0.2267811,0.03139343,0.0387767,test
14927,0.8029626,0.2213874,0.04943508,0.06106147,test
14927,0.804184,0.2209196,0.04800631,0.05929668,test
14927,0.80563,0.2204887,0.04527587,0.05592409,test
14927,0.8069981,0.2203403,0.04267542,0.05271205,test
14927,0.8213457,0.2162193,0.05893486,0.07279547,test
14927,0.8222927,0.2160363,0.05743409,0.07094174,test
14927,0.8250686,0.2151443,0.05341276,0.06597464,test
14927,0.82857,0.2138627,0.04828536,0.05964136,test
14927,0.8478197,0.210748,0.06504427,0.08034171,test
14927,0.8491331,0.2105683,0.06334665,0.07824484,test
14927,0.8524148,0.210012,0.0590995,0.07299883,test
14927,0.8571019,0.2093128,0.05347554,0.0660522,test
14927,0.8785438,0.207734,0.07066522,0.08728464,test
14927,0.879895,0.2076493,0.06931999,0.08562302,test
14927,0.883879,0.2073838,0.06410308,0.07917918,test
14927,0.8908977,0.2070231,0.05720295,0.07065624,test
14927,0.9102597,0.2060209,0.07129639,0.08806425,test
14927,0.9118514,0.2059816,0.06899883,0.08522634,test
14927,0.9159611,0.2057452,0.06312062,0.07796565,test
14927,0.9240647,0.2054136,0.05391668,0.06659708,test
14927,0.9400399,0.203788,0.06423084,0.07933698,test
14927,0.9413713,0.2035745,0.06255777,0.07727043,test
14927,0.9450815,0.2031552,0.05739658,0.0708954,test
14927,0.9519276,0.2023379,0.04915561,0.06071628,test
14927,0.9620864,0.2018218,0.05348432,0.06606304,test
14927,0.9637236,0.2018563,0.05130934,0.06337653,test
14927,0.9668186,0.2018619,0.044855,0.05540423,test
14927,0.9717568,0.2019374,0.03542426,0.04375551,test
14927,0.9749833,0.2019933,0.02716024,0.03354792,test
14927,0.975919,0.2018985,0.01938456,0.02394352,test
,,,,,
14928,0.9183738,0.2149468,0.03917561,0.04838913,test
14928,0.9184527,0.2151098,0.03872854,0.04783692,test
14928,0.9185928,0.2154389,0.03734262,0.04612504,test
14928,0.9186384,0.2159249,0.03617978,0.04468874,test
14928,0.9330645,0.2192079,0.05416631,0.06690542,test
14928,0.93398,0.2194272,0.05317589,0.06568207,test
14928,0.936951,0.2202096,0.04920099,0.06077233,test
14928,0.9408165,0.2210134,0.04356184,0.05380695,test
14928,0.9604434,0.2208896,0.06021278,0.07437393,test
14928,0.9616972,0.2208899,0.05906494,0.07295614,test
14928,0.9653681,0.2209321,0.05386227,0.06652988,test
14928,0.9701314,0.2208505,0.0482485,0.05959583,test
14928,0.9756545,0.2194,0.04935044,0.06095692,test
14928,0.9774035,0.2190252,0.0464193,0.05733644,test
14928,0.9824412,0.2180954,0.03778175,0.04666746,test
14928,0.9918277,0.2155328,0.02358568,0.02913268,test
14928,0.994758,0.2144624,0.01846632,0.02280933,test
14928,0.9962177,0.2141445,0.01408567,0.01739841,test
,,,,,
14929,0.8857974,0.1776133,0.03695766,0.04564955,test
14929,0.8857196,0.1776988,0.03669522,0.04532538,test
14929,0.8856908,0.1777141,0.03527351,0.04356932,test
14929,0.8857028,0.1778432,0.03369188,0.04161571,test
14929,0.8855683,0.1791064,0.03795974,0.0468873,test
14929,0.8855242,0.1791412,0.037861,0.04676534,test
14929,0.8855581,0.1792176,0.0372332,0.0459899,test
14929,0.8854426,0.1793688,0.036247,0.04477176,test
14929,0.8931248,0.176913,0.04594586,0.05675165,test
14929,0.8951529,0.1763411,0.04213909,0.05204958,test
14929,0.8985023,0.1751581,0.03554608,0.04390598,test
14929,0.9009603,0.1743011,0.02997715,0.03702733,test
14929,0.9140305,0.169676,0.04960377,0.06126984,test
14929,0.9148999,0.1693224,0.0484265,0.0598157,test
14929,0.9166923,0.1687316,0.0452002,0.05583061,test
14929,0.9187545,0.1678504,0.04097017,0.05060575,test
14929,0.9346257,0.1615382,0.05721974,0.07067698,test
14929,0.9357896,0.1611236,0.05573864,0.06884754,test
14929,0.9389842,0.1598897,0.05112971,0.06315467,test
14929,0.943095,0.1582323,0.04496946,0.05554561,test
14929,0.9548232,0.1527356,0.05491054,0.06782469,test
14929,0.9561353,0.1521311,0.05296627,0.06542315,test
14929,0.9597483,0.150355,0.04737572,0.05851778,test
14929,0.965015,0.1476769,0.03917739,0.04839134,test
14929,0.9711586,0.1407825,0.04436307,0.05479661,test
14929,0.9719833,0.1398925,0.04196419,0.05183355,test
14929,0.9735053,0.1378391,0.03741175,0.04621044,test
14929,0.9755907,0.1347197,0.02998692,0.0370394,test
14929,0.9733006,0.1239491,0.04147493,0.05122922,test
14929,0.9730813,0.122757,0.03972171,0.04906367,test
14929,0.972458,0.1211877,0.03726961,0.04603487,test
14929,0.9717255,0.1197325,0.03413756,0.04216621,test
14929,0.9588385,0.1108822,0.05330824,0.06584555,test
14929,0.95785,0.1101248,0.05185857,0.06405494,test
14929,0.956331,0.1091694,0.04887452,0.06036909,test
14929,0.9546036,0.1080741,0.04573396,0.05648991,test
14929,0.9391898,0.1026681,0.06129375,0.07570913,test
14929,0.9378862,0.1021232,0.0595621,0.07357021,test
14929,0.9347276,0.1008785,0.05518581,0.06816469,test
14929,0.9304559,0.0992461,0.04936284,0.06097224,test
14929,0.916584,0.09775195,0.05974195,0.07379238,test
14929,0.9152848,0.09768737,0.05785632,0.07146327,test
14929,0.911815,0.09750669,0.05313905,0.06563657,test
14929,0.9064614,0.09747042,0.0463701,0.05727566,test
14929,0.8965121,0.0981899,0.05292369,0.06537056,test
14929,0.8955256,0.09818823,0.05139904,0.06348734,test
14929,0.8927195,0.09834285,0.04609209,0.05693227,test
14929,0.8886655,0.09849988,0.03814884,0.04712088,test
14929,0.8825478,0.1003061,0.03953705,0.04883558,test
14929,0.8814001,0.1008014,0.03710404,0.04583036,test
14929,0.8797043,0.1015731,0.02907356,0.03591123,test
,,,,,
14930,0.1280613,0.2850804,0.02552512,0.03152825,test
14930,0.1280643,0.2851002,0.02533359,0.03129168,test
14930,0.128052,0.2852561,0.0227569,0.02810899,test
14930,0.1282922,0.28507,0.02084273,0.02574463,test
14930,0.1260222,0.2875772,0.02593395,0.03203323,test
14930,0.1252136,0.2881632,0.0211492,0.02612318,test
,,,,,
14930,0.1542238,0.2963288,0.05263236,0.0650107,test
14930,0.1542846,0.2963122,0.05244432,0.06477845,test
14930,0.1543262,0.2962438,0.05134671,0.0634227,test
14930,0.1544817,0.2960719,0.04989531,0.06162994,test
14930,0.1733496,0.3032939,0.06953692,0.08589097,test
14930,0.1745348,0.3037515,0.06803995,0.08404194,test
14930,0.1789016,0.3054656,0.06232745,0.07698595,test
14930,0.1864145,0.3084473,0.05382949,0.06648939,test
14930,0.2045013,0.3131535,0.06688368,0.08261373,test
14930,0.2058946,0.3135201,0.06508299,0.08038954,test
14930,0.2100024,0.3145307,0.05933258,0.07328672,test
14930,0.2184614,0.3166071,0.04895432,0.06046766,test
14930,0.2440789,0.3250585,0.07108094,0.08779813,test
14930,0.2453778,0.3254902,0.06950302,0.08584911,test
14930,0.2489728,0.326844,0.06360093,0.07855892,test
14930,0.2544264,0.3289059,0.05760894,0.07115771,test
14930,0.2726174,0.3340489,0.07066277,0.08728162,test
14930,0.2741177,0.3344812,0.06911468,0.08536944,test
14930,0.2788858,0.3359693,0.06242684,0.0771087,test
14930,0.2906398,0.3393675,0.04910907,0.06065879,test
14930,0.298613,0.3406011,0.04947985,0.06111678,test
14930,0.300111,0.3407222,0.04662756,0.05759367,test
14930,0.3033979,0.3410992,0.03609198,0.04458028,test
,,,,,
14931,0.1553988,0.2059799,0.02786377,0.03441692,test
14931,0.1550196,0.2060349,0.02666074,0.03293095,test
14931,0.1537282,0.2063737,0.02180061,0.02692779,test
14931,0.1523831,0.2067644,0.01310321,0.01618489,test
14931,0.150916,0.2099168,0.02973083,0.03672308,test
14931,0.1507925,0.20995,0.02940836,0.03632477,test
14931,0.1505492,0.2097949,0.02819284,0.03482338,test
14931,0.1503793,0.2098122,0.02687656,0.03319753,test
14931,0.1608868,0.2157336,0.0459572,0.05676566,test
14931,0.1616839,0.2163016,0.04481144,0.05535043,test
14931,0.1634573,0.2173596,0.04016626,0.04961277,test
14931,0.1656881,0.2185561,0.03499894,0.04323017,test
14931,0.1853838,0.2277776,0.05761934,0.07117055,test
14931,0.1865333,0.2282894,0.05596285,0.06912448,test
14931,0.1892054,0.2296506,0.05137425,0.06345671,test
14931,0.1922178,0.2311085,0.04720083,0.05830176,test
14931,0.2103154,0.2368235,0.06301534,0.07783562,test
14931,0.2117056,0.2373466,0.06132317,0.07574547,test
14931,0.2162474,0.2388429,0.05520572,0.06818929,test
14931,0.2227016,0.2408653,0.04709998,0.0581772,test
14931,0.2398508,0.2418542,0.05975166,0.07380436,test
14931,0.2412464,0.2419008,0.05834058,0.07206142,test
14931,0.2451024,0.2420219,0.05288731,0.06532562,test
14931,0.2507658,0.242204,0.0465512,0.05749936,test
14931,0.2655464,0.2362774,0.05977444,0.0738325,test
14931,0.266813,0.2357939,0.05796022,0.07159161,test
14931,0.2697854,0.2344925,0.05333694,0.065881,test
14931,0.273274,0.2328875,0.04792868,0.05920079,test
14931,0.2823137,0.2230057,0.0581443,0.07181897,test
14931,0.2834579,0.221914,0.05627797,0.06951372,test
14931,0.2858233,0.2193728,0.0510784,0.06309129,test
14931,0.289003,0.2155154,0.04413064,0.05450951,test
14931,0.290962,0.1954205,0.05937806,0.0733429,test
14931,0.2911885,0.1938822,0.05750968,0.0710351,test
14931,0.2914032,0.1904578,0.05389789,0.06657388,test
14931,0.2914612,0.1863005,0.04953906,0.0611899,test
14931,0.2831635,0.1631309,0.07015587,0.08665548,test
14931,0.2827348,0.1619484,0.06896762,0.08518779,test
14931,0.2813251,0.1582226,0.0639654,0.07900911,test
14931,0.2789622,0.1522374,0.0567814,0.07013554,test
14931,0.2676738,0.1323679,0.07500125,0.09264043,test
14931,0.2668836,0.1309632,0.07326624,0.09049737,test
14931,0.2644612,0.1268513,0.06746604,0.08333305,test
14931,0.2594406,0.1185283,0.0555048,0.06855871,test
14931,0.2515288,0.1065539,0.06330854,0.07819778,test
14931,0.2506512,0.1052814,0.06112383,0.07549924,test
14931,0.2482856,0.1017942,0.05537984,0.06840436,test
14931,0.2436839,0.09547347,0.04514458,0.05576192,test
14931,0.2403881,0.09144902,0.04221238,0.05214011,test
14931,0.2395943,0.09051563,0.03964599,0.04897014,test
14931,0.2384314,0.08937058,0.03090563,0.03817418,test
,,,,,
14932,0.3423654,0.2035019,0.02307062,0.02849648,test
14932,0.3423824,0.2035047,0.02254349,0.02784538,test
14932,0.3421963,0.2032708,0.01884142,0.02327264,test
14932,0.3421494,0.2036215,0.01357005,0.01676153,test
14932,0.3513852,0.2060115,0.03621621,0.04473373,test
14932,0.3521238,0.2063091,0.0343358,0.04241107,test
14932,0.354283,0.2068318,0.02918377,0.03604736,test
14932,0.3566814,0.2072211,0.02248843,0.02777738,test
14932,0.363694,0.1925142,0.04648223,0.05741416,test
14932,0.364063,0.1918008,0.04547097,0.05616507,test
14932,0.3644615,0.1907326,0.04308412,0.05321686,test
14932,0.3648875,0.1895533,0.04087165,0.05048405,test
14932,0.3675025,0.1690305,0.05953228,0.0735334,test
14932,0.3677325,0.1677266,0.05825615,0.07195713,test
14932,0.3682431,0.1645948,0.05460598,0.0674485,test
14932,0.3688996,0.1607781,0.04963736,0.06131133,test
14932,0.3679552,0.1378815,0.06560188,0.08103048,test
14932,0.3679068,0.1361445,0.06388458,0.07890928,test
14932,0.3676478,0.1317494,0.0587199,0.07252995,test
14932,0.3672167,0.124917,0.05246054,0.06479848,test
14932,0.364042,0.1065794,0.06275315,0.07751176,test
14932,0.3637319,0.1047574,0.06099719,0.07534282,test
14932,0.3628719,0.1001939,0.05604783,0.06922945,test
14932,0.3612406,0.09241862,0.04769113,0.05890738,test
14932,0.358464,0.08023119,0.05301133,0.06547881,test
14932,0.3580779,0.0786612,0.05115851,0.06319024,test
14932,0.3572955,0.07528014,0.04577714,0.05654325,test
14932,0.3560591,0.07004142,0.03783181,0.04672929,test
14932,0.3548313,0.06054172,0.0423698,0.05233455,test
14932,0.3547498,0.05909696,0.03983616,0.04920504,test
14932,0.3544962,0.05683215,0.03326115,0.04108368,test
14932,0.3540128,0.05344798,0.02140692,0.02644152,test
,,,,,
14933,0.4179774,0.1862431,0.02008058,0.02480324,test
14933,0.4179202,0.1862694,0.0200206,0.02472916,test
14933,0.4179229,0.1863321,0.017832,0.02202582,test
14933,0.4180586,0.1861529,0.01356638,0.016757,test
14933,0.413207,0.1880576,0.03460894,0.04274846,test
14933,0.412867,0.1881386,0.03392307,0.04190127,test
14933,0.4128364,0.1883543,0.03290356,0.04064199,test
14933,0.4128734,0.1884718,0.03168139,0.03913238,test
14933,0.4088466,0.1851653,0.03966675,0.04899578,test
14933,0.4082153,0.184875,0.03815942,0.04713394,test
14933,0.4066676,0.183696,0.03233136,0.03993522,test
14933,0.4042539,0.1817908,0.02268624,0.0280217,test
14933,0.3967791,0.1711326,0.04224344,0.05217847,test
14933,0.3962178,0.1704379,0.04063948,0.05019728,test
14933,0.3955077,0.1694564,0.03877567,0.04789513,test
14933,0.3948445,0.1686435,0.03629138,0.04482658,test
14933,0.3840308,0.1524473,0.05760628,0.07115442,test
14933,0.3833148,0.151302,0.05608359,0.06927361,test
14933,0.3817583,0.1490851,0.0517847,0.06396369,test
14933,0.379828,0.1461826,0.04675938,0.05775649,test
14933,0.3675979,0.1293883,0.06608338,0.08162521,test
14933,0.3668154,0.1282875,0.06434913,0.07948309,test
14933,0.3641052,0.1245467,0.05738255,0.07087808,test
14933,0.3600458,0.1186675,0.04833231,0.05969935,test
14933,0.3485304,0.1031121,0.06442515,0.07957698,test
14933,0.3475272,0.1019839,0.06206762,0.07666501,test
14933,0.3448546,0.09845475,0.05593156,0.06908584,test
14933,0.3407478,0.09306712,0.04731856,0.05844718,test
14933,0.3348855,0.0845809,0.05281778,0.06523974,test
14933,0.3341023,0.08338438,0.05100932,0.06300595,test
14933,0.3321715,0.08051526,0.04536969,0.05603997,test
14933,0.3293716,0.0767199,0.03814321,0.04711393,test
14933,0.3299514,0.07157747,0.0390783,0.04826894,test
14933,0.3299679,0.07027128,0.03643457,0.04500345,test
14933,0.3305041,0.0688974,0.02958562,0.03654372,test
14933,0.3312892,0.06700128,0.0152238,0.01880421,test
14933,0.3467849,0.06727833,0.04428246,0.05469704,test
14933,0.3479535,0.06741088,0.04254765,0.05255423,test
14933,0.3486371,0.06741313,0.04057747,0.05012069,test
14933,0.3490877,0.06722452,0.0387025,0.04780475,test
14933,0.3645624,0.06897397,0.05858659,0.07236529,test
14933,0.3654411,0.0692446,0.05756282,0.07110073,test
14933,0.367573,0.06955216,0.05459557,0.06743564,test
14933,0.370297,0.06970821,0.05126667,0.06332383,test
14933,0.3893667,0.07210936,0.06851554,0.08462938,test
14933,0.390678,0.07225351,0.06677213,0.08247595,test
14933,0.3942178,0.07277387,0.0621817,0.07680592,test
14933,0.3997405,0.07364502,0.05557435,0.06864461,test
14933,0.4151638,0.07485366,0.06644707,0.08207444,test
14933,0.4164296,0.07497367,0.06481386,0.08005711,test
14933,0.4202072,0.07515889,0.05918786,0.07310797,test
14933,0.4281532,0.07589213,0.04971503,0.06140726,test
14933,0.4412589,0.07671452,0.05680342,0.07016274,test
14933,0.4423706,0.07670282,0.0552208,0.06820791,test
14933,0.4453069,0.07681654,0.05093526,0.06291448,test
14933,0.4498336,0.07694803,0.04489098,0.05544867,test
14933,0.4606016,0.07810143,0.05345691,0.06602919,test
14933,0.4615816,0.07808354,0.05187655,0.06407715,test
14933,0.4638669,0.07832553,0.04780356,0.05904625,test
14933,0.4668754,0.07884128,0.04227306,0.05221506,test
14933,0.4734266,0.08038834,0.04718603,0.05828349,test
14933,0.4744155,0.08066167,0.04528524,0.05593566,test
14933,0.4762803,0.08117182,0.04031087,0.04979139,test
14933,0.4790451,0.08162706,0.03321061,0.04102125,test
14933,0.4823561,0.08236172,0.03130119,0.03866276,test
14933,0.483435,0.08266659,0.02650263,0.03273565,test
14933,0.4844932,0.08314966,0.01084011,0.01338954,test
,,,,,
14934,0.4772611,0.1449569,0.02950997,0.03645028,test
14934,0.477264,0.1449623,0.02942005,0.0363392,test
14934,0.4772848,0.1449892,0.02867154,0.03541467,test
14934,0.4772157,0.1450498,0.02729408,0.03371324,test
14934,0.4781409,0.1508257,0.03826462,0.0472639,test
14934,0.478087,0.1515813,0.03676559,0.04541231,test
14934,0.4779214,0.1532687,0.03305284,0.04082638,test
14934,0.4776951,0.1549549,0.02826726,0.03491531,test
14934,0.4878878,0.1601146,0.04521989,0.05585494,test
14934,0.4888593,0.1606497,0.0437474,0.05403613,test
14934,0.4910503,0.1615,0.04011318,0.0495472,test
14934,0.4932641,0.1622703,0.03606481,0.04454671,test
14934,0.5090788,0.1655749,0.05338834,0.06594448,test
14934,0.5103134,0.1659003,0.05194643,0.06416346,test
14934,0.5129563,0.166387,0.04805463,0.05935637,test
14934,0.516031,0.1668367,0.04323465,0.0534028,test
14934,0.5325004,0.1674699,0.05790117,0.07151867,test
14934,0.5339748,0.1675793,0.05593168,0.06908598,test
14934,0.5372913,0.1675892,0.05192216,0.06413349,test
14934,0.5415527,0.1673138,0.04567224,0.05641368,test
14934,0.5559539,0.1642416,0.05752421,0.07105305,test
14934,0.5574066,0.1639518,0.05578506,0.06890488,test
14934,0.5606987,0.1631878,0.05141165,0.06350291,test
14934,0.5649133,0.1621827,0.04549447,0.05619409,test
14934,0.5756287,0.1565001,0.0544323,0.06723397,test
14934,0.5767902,0.155991,0.05276221,0.0651711,test
14934,0.5794941,0.1543973,0.04802937,0.05932516,test
14934,0.5831875,0.1520018,0.04143522,0.05118016,test
14934,0.5878661,0.1413568,0.05015484,0.06195051,test
14934,0.5884284,0.1402325,0.04871591,0.06017317,test
14934,0.5893657,0.1375628,0.04461069,0.05510246,test
14934,0.5901585,0.1342625,0.03906139,0.04824805,test
14934,0.5834858,0.1177514,0.05588723,0.06903108,test
14934,0.5831146,0.1166161,0.05464772,0.06750006,test
14934,0.5822086,0.1144917,0.05131507,0.06338361,test
14934,0.5809723,0.1119286,0.04801986,0.05931341,test
14934,0.5616062,0.08879805,0.0791269,0.09773638,test
14934,0.5607177,0.08769111,0.07674485,0.0947941,test
14934,0.5582568,0.0847603,0.07160202,0.08844175,test
14934,0.5546048,0.0804704,0.06456142,0.07974531,test
14934,0.5326488,0.05795407,0.0924165,0.1141515,test
14934,0.5315899,0.05684711,0.09104061,0.112452,test
14934,0.5278603,0.05304348,0.08338335,0.1029939,test
14934,0.517586,0.04264223,0.06713105,0.08291928,test
14934,0.5046418,0.03381553,0.0734268,0.0906957,test
14934,0.5034121,0.03278721,0.07132035,0.08809383,test
14934,0.4995228,0.02954819,0.06415112,0.07923852,test
14934,0.4871878,0.01992433,0.0514975,0.06360894,test
14934,0.4813846,0.01680312,0.04611265,0.05695767,test
14934,0.4803499,0.01578444,0.04371994,0.05400222,test
14934,0.4783921,0.01290551,0.03766436,0.04652246,test
14934,0.4711583,0.006617618,0.02290127,0.02828731,test
,,,,,
14935,0.6259279,0.1825902,0.02726044,0.03367169,test
14935,0.6259758,0.1825121,0.02687477,0.03319532,test
14935,0.626088,0.1827097,0.02577045,0.03183128,test
14935,0.6260788,0.1828625,0.02339939,0.02890258,test
14935,0.6267219,0.1846598,0.03138618,0.03876774,test
14935,0.6267974,0.1851791,0.03040006,0.0375497,test
14935,0.6269656,0.1857105,0.02827184,0.03492095,test
14935,0.6269786,0.1860339,0.02564927,0.03168159,test
14935,0.6275315,0.1714531,0.04564397,0.05637876,test
14935,0.6276911,0.1697453,0.04351701,0.05375157,test
14935,0.6279486,0.1670441,0.0398661,0.04924202,test
14935,0.6281781,0.1652025,0.03562621,0.04400497,test
14935,0.6226368,0.1343266,0.06549864,0.08090295,test
14935,0.6224742,0.1334445,0.06505436,0.08035418,test
14935,0.6219962,0.1306712,0.06187572,0.07642797,test
14935,0.6213484,0.1272457,0.05847057,0.07222197,test
14935,0.6130146,0.09979872,0.07874456,0.09726411,test
14935,0.6124583,0.09779577,0.07664523,0.09467105,test
14935,0.6107615,0.09204136,0.0705047,0.08708635,test
14935,0.6065814,0.07852501,0.05782268,0.07142172,test
14935,0.6000922,0.06168451,0.06754057,0.08342511,test
14935,0.5994363,0.05996264,0.06572843,0.08118678,test
14935,0.5973772,0.05493646,0.05938217,0.07334798,test
14935,0.5923682,0.04258477,0.04407146,0.05443641,test
14935,0.5899214,0.0361035,0.04166927,0.05146927,test
14935,0.5894619,0.03489009,0.03879484,0.04791882,test
14935,0.588701,0.03267051,0.02781236,0.03435341,test
,,,,,
14936,0.6330627,0.1395464,0.01629479,0.02012708,test
14936,0.6330881,0.1394898,0.01618516,0.01999166,test
14936,0.6331107,0.1396279,0.01352142,0.01670146,test
,,,,,
14936,0.6289781,0.1396221,0.0365595,0.04515776,test
14936,0.6290423,0.1396472,0.03644668,0.0450184,test
14936,0.6290861,0.1394493,0.03556893,0.04393422,test
14936,0.6289093,0.1394402,0.03451813,0.04263628,test
14936,0.6203376,0.1288724,0.05078191,0.06272507,test
14936,0.6198208,0.12821,0.04909384,0.06063998,test
14936,0.6179167,0.1257361,0.04413551,0.05451553,test
14936,0.6151613,0.1222078,0.03703651,0.04574694,test
14936,0.6049434,0.1099181,0.0496112,0.06127901,test
14936,0.6038176,0.1086659,0.04732686,0.05845743,test
14936,0.6014066,0.1056789,0.04092935,0.05055533,test
14936,0.5987033,0.1022033,0.03523843,0.04352599,test
14936,0.5949714,0.0979116,0.03720526,0.04595539,test
14936,0.59414,0.09716269,0.03539682,0.04372163,test
14936,0.5931542,0.09609547,0.03159922,0.03903089,test
14936,0.5921466,0.09511869,0.02590093,0.03199245,test
14936,0.5965264,0.09238872,0.03766587,0.04652433,test
14936,0.5969082,0.09235293,0.03775168,0.04663031,test
14936,0.597261,0.09189359,0.03624428,0.0447684,test
14936,0.5979893,0.09143098,0.03257891,0.04024099,test
14936,0.6139259,0.09316552,0.05195149,0.0641697,test
14936,0.6158974,0.09348748,0.04969986,0.06138854,test
14936,0.6177273,0.09380211,0.04729942,0.05842355,test
14936,0.6186936,0.09383904,0.04496948,0.05554564,test
14936,0.6396873,0.09921426,0.06740817,0.08326157,test
14936,0.6407091,0.09951885,0.06611956,0.0816699,test
14936,0.6439232,0.1003268,0.06201006,0.07659391,test
14936,0.6485311,0.1016214,0.05661438,0.06992925,test
14936,0.6719481,0.1071072,0.07536634,0.09309138,test
14936,0.6733825,0.1074426,0.07403544,0.09144749,test
14936,0.6777518,0.1085014,0.06799784,0.08398993,test
14936,0.6869547,0.110638,0.05834848,0.07207117,test
14936,0.7093425,0.1149075,0.07415686,0.09159746,test
14936,0.7109186,0.1152063,0.07262237,0.08970208,test
14936,0.7154337,0.1160451,0.06670987,0.08239904,test
14936,0.7257579,0.1180956,0.05562473,0.06870684,test
14936,0.7441683,0.1216586,0.06745482,0.0833192,test
14936,0.7456894,0.1219088,0.06526907,0.08061939,test
14936,0.7500567,0.1227428,0.05942927,0.07340615,test
14936,0.7600187,0.1248929,0.04773752,0.05896468,test
14936,0.7665276,0.1263368,0.04719266,0.05829167,test
14936,0.7675502,0.1265487,0.04425567,0.05466395,test
14936,0.76926,0.1268763,0.03191605,0.03942224,test
,,,,,
14937,0.7711604,0.1659614,0.03915876,0.04836832,test
14937,0.7712225,0.1664382,0.03857713,0.04764989,test
14937,0.7712462,0.1669148,0.03717206,0.04591437,test
14937,0.7709839,0.16723,0.03526835,0.04356294,test
14937,0.7739422,0.1690038,0.04131613,0.05103307,test
14937,0.7741915,0.1693839,0.04046902,0.04998674,test
14937,0.7751346,0.1703137,0.03667383,0.04529898,test
14937,0.7765966,0.1715049,0.02898855,0.03580623,test
14937,0.7799422,0.1722358,0.02316654,0.02861496,test
,,,,,
14938,0.7231558,0.1584804,0.03932449,0.04857302,test
14938,0.7231701,0.1584924,0.0392858,0.04852524,test
14938,0.7233671,0.1584973,0.03819525,0.04717821,test
14938,0.7233301,0.1583336,0.03720242,0.04595188,test
14938,0.7343097,0.1590848,0.05345729,0.06602965,test
14938,0.7348798,0.1591951,0.05261588,0.06499036,test
14938,0.7366602,0.1596994,0.05001752,0.0617809,test
14938,0.7392706,0.1604529,0.0457053,0.0564545,test
14938,0.756718,0.1578114,0.06155737,0.07603475,test
14938,0.7581285,0.1573477,0.05992964,0.0740242,test
14938,0.7612932,0.1567084,0.05534366,0.06835967,test
14938,0.7656902,0.1559878,0.04980452,0.0615178,test
14938,0.7821231,0.1513715,0.06300844,0.07782709,test
14938,0.7833518,0.1510636,0.06161864,0.07611044,test
14938,0.7871024,0.1499414,0.05606286,0.06924801,test
14938,0.7936076,0.1479333,0.04774632,0.05897555,test
14938,0.8031089,0.143841,0.05248788,0.06483226,test
14938,0.8043732,0.1433823,0.05056019,0.0624512,test
14938,0.8076776,0.1417784,0.04437612,0.05481273,test
14938,0.8132581,0.1389258,0.03357519,0.04147158,test
14938,0.8177032,0.1344543,0.03156358,0.03898686,test
14938,0.8186191,0.1337334,0.02630015,0.03248556,test
,,,,,
14939,0.8503045,0.1600297,0.04547945,0.05617554,test
14939,0.8503536,0.1602164,0.04516346,0.05578524,test
14939,0.8505566,0.1602929,0.04413108,0.05451006,test
14939,0.8507384,0.1603193,0.04296872,0.05307433,test
14939,0.8565821,0.1626302,0.05175988,0.06393304,test
14939,0.8569375,0.1630778,0.05093683,0.06291642,test
14939,0.8578461,0.1639943,0.04919594,0.0607661,test
14939,0.8587112,0.1650715,0.04702814,0.05808847,test
14939,0.8639417,0.1618267,0.05227952,0.06457489,test
14939,0.8648406,0.1613388,0.05049577,0.06237162,test
14939,0.8675594,0.1594167,0.0444974,0.05496253,test
14939,0.8719156,0.1558212,0.03389028,0.04186077,test
14939,0.8744271,0.1534555,0.02506987,0.03096593,test
14939,0.8747866,0.1530753,0.01253937,0.01548844,test
,,,,,
14940,0.8206358,0.149352,0.03559465,0.04396598,test
14940,0.8207036,0.1495248,0.03525517,0.04354666,test
14940,0.820658,0.1495522,0.03427644,0.04233775,test
14940,0.8207737,0.1498312,0.03328462,0.04111267,test
14940,0.8280827,0.1457199,0.04677885,0.05778054,test
14940,0.8286892,0.145491,0.04579622,0.05656682,test
14940,0.830324,0.1446866,0.04215572,0.05207012,test
14940,0.8325411,0.1435613,0.03683721,0.04550078,test
14940,0.8469313,0.1348556,0.05471448,0.06758251,test
14940,0.8479089,0.1341263,0.05287531,0.0653108,test
14940,0.8498632,0.132912,0.04930316,0.06089853,test
14940,0.852086,0.1316236,0.04481934,0.05536018,test
14940,0.8670974,0.1240273,0.06116779,0.07555355,test
14940,0.8682095,0.1234497,0.05965133,0.07368043,test
14940,0.8713586,0.1218973,0.05455896,0.06739042,test
14940,0.8760011,0.1195239,0.04786601,0.05912339,test
14940,0.8862379,0.1154097,0.05515384,0.06812521,test
14940,0.8873889,0.1149153,0.05321997,0.06573652,test
14940,0.8907438,0.1136187,0.04762832,0.0588298,test
14940,0.8960516,0.1116813,0.0390149,0.04819063,test
14940,0.9058058,0.1080911,0.04679555,0.05780117,test
14940,0.9067829,0.1078374,0.04514841,0.05576665,test
14940,0.9083023,0.1075882,0.0422393,0.05217336,test
14940,0.9099264,0.1074119,0.03845619,0.04750051,test
14940,0.9157159,0.1027917,0.04524905,0.05589095,test
14940,0.9166897,0.1020342,0.04343186,0.05364639,test
14940,0.9181437,0.1006041,0.03876608,0.04788328,test
14940,0.9200503,0.09859622,0.03169548,0.03914979,test
14940,0.9211231,0.09002281,0.03931041,0.04855564,test
14940,0.921282,0.08877488,0.03728082,0.04604872,test
14940,0.9212746,0.08696578,0.03230984,0.03990864,test
14940,0.9214869,0.08477744,0.02496168,0.03083229,test
14940,0.9136024,0.0732851,0.04536825,0.05603819,test
14940,0.9130709,0.07246555,0.04371024,0.05399023,test
14940,0.9121371,0.07121129,0.04098789,0.05062764,test
14940,0.9114646,0.07000033,0.03795033,0.04687569,test
14940,0.8996103,0.05901564,0.05536297,0.06838352,test
14940,0.898811,0.05818231,0.05383268,0.06649332,test
14940,0.8968294,0.05633904,0.04930488,0.06090066,test
14940,0.894523,0.05418233,0.04443001,0.05487928,test
14940,0.8807498,0.04582927,0.05898601,0.07285865,test
14940,0.8794777,0.0450128,0.05736208,0.07085279,test
14940,0.8760654,0.04299671,0.05198156,0.06420685,test
14940,0.8714177,0.04034407,0.04460752,0.05509855,test
14940,0.8631402,0.03712002,0.0484836,0.05988622,test
14940,0.8618036,0.03660212,0.0461062,0.05694969,test
14940,0.8583424,0.03549286,0.0385665,0.04763677,test
14940,0.8523484,0.0339594,0.02406121,0.02972005,test
,,,,,
